"AthleteId","Year","Ranking","Stars","Rating"
"4431274","2021","1","5","0.9994"
"4431437","2021","2","5","0.999"
"","2021","3","5","0.999"
"4431590","2021","4","5","0.998"
"4432667","2021","5","5","0.9978"
"4431611","2021","6","5","0.9971"
"4431571","2021","7","5","0.996"
"4565190","2021","8","5","0.9948"
"4567750","2021","9","5","0.9947"
"4431598","2021","10","5","0.9941"
"4567748","2021","11","5","0.9936"
"4431588","2021","12","5","0.9933"
"4431443","2021","13","5","0.9922"
"4431613","2021","14","5","0.9922"
"4431587","2021","15","5","0.9911"
"4432782","2021","16","5","0.9909"
"","2021","17","5","0.9907"
"4431553","2021","18","5","0.9902"
"4431567","2021","19","5","0.9899"
"4431558","2021","20","5","0.9895"
"4432804","2021","21","5","0.9879"
"4432710","2021","22","5","0.9874"
"4431503","2021","23","5","0.9873"
"4433970","2021","24","5","0.9868"
"4431570","2021","25","5","0.9865"
"","2021","26","5","0.9863"
"4433971","2021","27","5","0.986"
"4875178","2021","28","5","0.9856"
"4431539","2021","29","5","0.9852"
"4432764","2021","30","5","0.9842"
"4432804","2021","31","5","0.985"
"4431545","2021","31","5","0.984"
"4431519","2021","32","5","0.9836"
"","2021","33","5","0.9836"
"4431573","2021","34","5","0.9835"
"4431595","2021","35","4","0.9831"
"4432777","2021","36","4","0.9819"
"4432765","2021","37","4","0.9814"
"4432655","2021","38","4","0.9813"
"4432774","2021","39","4","0.9808"
"4431280","2021","40","4","0.981"
"4431536","2021","41","4","0.9808"
"4875852","2021","42","4","0.9799"
"4431194","2021","43","4","0.9801"
"4567774","2021","44","4","0.9789"
"4432718","2021","45","4","0.9781"
"4432694","2021","46","4","0.9763"
"4432703","2021","47","4","0.9763"
"4431247","2021","48","4","0.9748"
"4431403","2021","49","4","0.9747"
"4592837","2021","50","4","0.9746"
"4432725","2021","51","4","0.9746"
"4600415","2021","52","4","0.9744"
"4431578","2021","53","4","0.974"
"4432699","2021","54","4","0.9739"
"4431452","2021","55","4","0.9725"
"4432775","2021","56","4","0.9721"
"4431542","2021","57","4","0.9721"
"4570039","2021","58","4","0.9717"
"4431593","2021","59","4","0.9715"
"4431196","2021","60","4","0.9715"
"","2021","61","4","0.9714"
"4432671","2021","62","4","0.9716"
"4432729","2021","62","4","0.9709"
"4432671","2021","63","4","0.9708"
"4873169","2021","64","4","0.9708"
"4431276","2021","65","4","0.9705"
"4432738","2021","66","4","0.97"
"4431586","2021","67","4","0.9699"
"4689114","2021","68","4","0.9695"
"4873170","2021","69","4","0.9692"
"4431513","2021","70","4","0.9685"
"4431549","2021","71","4","0.9684"
"4596480","2021","72","4","0.9681"
"","2021","73","4","0.967"
"4587702","2021","74","4","0.9673"
"4431580","2021","75","4","0.9665"
"4431508","2021","76","4","0.966"
"4433964","2021","77","4","0.9653"
"4431334","2021","78","4","0.9648"
"4431619","2021","79","4","0.9638"
"4431551","2021","80","4","0.9638"
"4432734","2021","81","4","0.9633"
"4432757","2021","82","4","0.963"
"4567747","2021","83","4","0.9626"
"4432783","2021","84","4","0.9625"
"4431210","2021","85","4","0.9625"
"4432673","2021","86","4","0.9617"
"4431538","2021","87","4","0.9614"
"4873176","2021","88","4","0.9602"
"4431212","2021","89","4","0.9598"
"4431252","2021","90","4","0.9599"
"4431288","2021","91","4","0.9596"
"4432698","2021","92","4","0.9596"
"4590292","2021","93","4","0.9595"
"4431582","2021","94","4","0.9587"
"4431286","2021","95","4","0.9585"
"4873113","2021","96","4","0.9585"
"4875595","2021","97","4","0.9584"
"4646773","2021","98","4","0.9584"
"4431498","2021","99","4","0.9581"
"4889957","2021","100","4","0.958"
"4595343","2021","101","4","0.9579"
"4431213","2021","102","4","0.9571"
"4612847","2021","103","4","0.9563"
"4567943","2021","104","4","0.9537"
"4432665","2021","105","4","0.9533"
"4875182","2021","106","4","0.9525"
"4431547","2021","107","4","0.9522"
"4432716","2021","108","4","0.9511"
"4431463","2021","109","4","0.9508"
"4875853","2021","110","4","0.9507"
"4432767","2021","111","4","0.9503"
"","2021","112","4","0.9494"
"","2021","113","4","0.9483"
"4431200","2021","114","4","0.9488"
"4432768","2021","115","4","0.9485"
"4432674","2021","116","4","0.9476"
"4431533","2021","117","4","0.9474"
"4601278","2021","118","4","0.9453"
"4601278","2021","118","4","0.9453"
"4431528","2021","119","4","0.9449"
"4431566","2021","120","4","0.9446"
"4432676","2021","121","4","0.9443"
"4432693","2021","122","4","0.9443"
"4431273","2021","123","4","0.9442"
"4431521","2021","124","4","0.944"
"4255325","2021","125","4","0.9436"
"4432784","2021","126","4","0.9421"
"4431576","2021","127","4","0.9414"
"4432695","2021","128","4","0.9409"
"4431393","2021","129","4","0.9409"
"4875201","2021","130","4","0.9398"
"4594749","2021","130","4","0.9404"
"4568124","2021","131","4","0.9399"
"4431518","2021","132","4","0.9397"
"4431584","2021","133","4","0.9395"
"4432759","2021","134","4","0.9392"
"","2021","135","4","0.9394"
"4567802","2021","136","4","0.9393"
"4875201","2021","137","4","0.9393"
"4569661","2021","138","4","0.9389"
"4431642","2021","139","4","0.9382"
"4683815","2021","140","4","0.9382"
"4431448","2021","141","4","0.9381"
"","2021","142","4","0.9374"
"4635009","2021","143","4","0.937"
"4431197","2021","144","4","0.937"
"4682989","2021","145","4","0.9367"
"4431465","2021","146","4","0.9357"
"4629149","2021","147","4","0.9357"
"4875179","2021","148","4","0.9357"
"4432688","2021","149","4","0.935"
"4432689","2021","150","4","0.935"
"4433973","2021","151","4","0.935"
"4431450","2021","152","4","0.9337"
"4432712","2021","153","4","0.9337"
"","2021","154","4","0.9335"
"","2021","155","4","0.9327"
"4432731","2021","156","4","0.9325"
"","2021","157","4","0.932"
"4432724","2021","158","4","0.9317"
"4431431","2021","159","4","0.9317"
"4431546","2021","160","4","0.9316"
"","2021","161","4","0.9294"
"4683061","2021","162","4","0.9292"
"4431389","2021","163","4","0.9292"
"4431615","2021","164","4","0.9289"
"4602197","2021","165","4","0.9279"
"4431500","2021","166","4","0.9279"
"","2021","167","4","0.9269"
"4431574","2021","168","4","0.9269"
"4432805","2021","169","4","0.9269"
"4592550","2021","170","4","0.9269"
"4565177","2021","171","4","0.9263"
"4431534","2021","172","4","0.9263"
"4567784","2021","173","4","0.9257"
"4587722","2021","174","4","0.9251"
"","2021","175","4","0.9253"
"4565181","2021","176","4","0.925"
"","2021","177","4","0.925"
"4431195","2021","178","4","0.9249"
"4431209","2021","179","4","0.9248"
"4432763","2021","180","4","0.9248"
"4431511","2021","181","4","0.9248"
"4592832","2021","182","4","0.9246"
"4431562","2021","183","4","0.9238"
"4431502","2021","184","4","0.9237"
"4596437","2021","185","4","0.9237"
"","2021","186","4","0.9236"
"4683409","2021","187","4","0.9232"
"4433968","2021","188","4","0.9227"
"4567783","2021","189","4","0.9224"
"4597005","2021","190","4","0.9222"
"4597679","2021","191","4","0.9219"
"","2021","192","4","0.9217"
"4569680","2021","193","4","0.9215"
"4432668","2021","194","4","0.9215"
"4432661","2021","195","4","0.9213"
"","2021","196","4","0.9212"
"4432685","2021","197","4","0.9206"
"4431552","2021","198","4","0.9206"
"4431535","2021","199","4","0.9204"
"4431517","2021","200","4","0.9201"
"4432772","2021","201","4","0.9197"
"4875180","2021","202","4","0.9197"
"4432717","2021","203","4","0.9195"
"4432664","2021","204","4","0.9192"
"4432789","2021","205","4","0.9185"
"4431330","2021","206","4","0.9185"
"4431156","2021","207","4","0.9183"
"4432658","2021","208","4","0.9178"
"4432701","2021","209","4","0.9177"
"4569925","2021","210","4","0.9175"
"4432709","2021","211","4","0.9175"
"4431583","2021","212","4","0.9172"
"4678006","2021","213","4","0.9171"
"4432675","2021","214","4","0.9165"
"4431541","2021","215","4","0.916"
"4685247","2021","216","4","0.9159"
"4596602","2021","217","4","0.9158"
"4567804","2021","218","4","0.9151"
"4432690","2021","219","4","0.9149"
"4432660","2021","220","4","0.9149"
"4432766","2021","221","4","0.9147"
"","2021","222","4","0.9144"
"4596438","2021","223","4","0.9143"
"4431550","2021","224","4","0.9142"
"4431523","2021","225","4","0.9142"
"4431256","2021","226","4","0.9141"
"4432662","2021","227","4","0.9137"
"4570037","2021","228","4","0.9136"
"4431594","2021","229","4","0.9135"
"4432728","2021","230","4","0.9135"
"4602970","2021","231","4","0.9132"
"4691828","2021","231","4","0.9135"
"4873637","2021","232","4","0.9134"
"4602970","2021","233","4","0.9132"
"4431433","2021","234","4","0.9131"
"4596347","2021","235","4","0.913"
"4592570","2021","236","4","0.9126"
"4431509","2021","237","4","0.9125"
"4432762","2021","238","4","0.9125"
"4433972","2021","239","4","0.9122"
"4431341","2021","240","4","0.912"
"4569682","2021","241","4","0.9108"
"4567803","2021","242","4","0.9105"
"4708838","2021","243","4","0.9101"
"4432702","2021","244","4","0.9098"
"4602699","2021","245","4","0.9096"
"4565180","2021","246","4","0.9095"
"4879611","2021","247","4","0.909"
"4432696","2021","248","4","0.9088"
"4611768","2021","249","4","0.9088"
"4431601","2021","250","4","0.9082"
"4431529","2021","251","4","0.9084"
"","2021","252","4","0.9079"
"4432769","2021","253","4","0.9079"
"4431435","2021","254","4","0.9079"
"","2021","255","4","0.9076"
"4565554","2021","256","4","0.9073"
"4431406","2021","257","4","0.9073"
"4595348","2021","258","4","0.9073"
"4431405","2021","259","4","0.9072"
"4431531","2021","260","4","0.907"
"4431412","2021","261","4","0.9069"
"","2021","262","4","0.9067"
"4431568","2021","263","4","0.9065"
"4432719","2021","264","4","0.9064"
"4683450","2021","265","4","0.9062"
"","2021","266","4","0.9058"
"4602926","2021","267","4","0.9057"
"4432758","2021","268","4","0.9057"
"4431473","2021","269","4","0.9056"
"4682509","2021","270","4","0.9056"
"4875270","2021","271","4","0.9055"
"4432684","2021","272","4","0.9054"
"4569727","2021","273","4","0.9054"
"4595352","2021","274","4","0.9052"
"4603749","2021","275","4","0.9051"
"4603193","2021","276","4","0.905"
"4432742","2021","277","4","0.9048"
"4678010","2021","278","4","0.9046"
"4569922","2021","279","4","0.9045"
"4594322","2021","280","4","0.9042"
"4431569","2021","281","4","0.904"
"4567706","2021","282","4","0.904"
"4431606","2021","283","4","0.9034"
"4431497","2021","284","4","0.9033"
"4601080","2021","285","4","0.9036"
"4431514","2021","286","4","0.903"
"4432779","2021","287","4","0.9027"
"","2021","288","4","0.9027"
"4643625","2021","289","4","0.9023"
"4682490","2021","290","4","0.9019"
"4596539","2021","291","4","0.9018"
"","2021","292","4","0.9016"
"","2021","293","4","0.9016"
"4432776","2021","294","4","0.9016"
"","2021","295","4","0.9013"
"4431439","2021","295","4","0.9014"
"4432706","2021","296","4","0.9014"
"4431501","2021","297","4","0.9012"
"4431525","2021","298","4","0.9011"
"4431623","2021","299","4","0.9008"
"4431596","2021","300","4","0.9008"
"4431544","2021","301","4","0.9002"
"4431468","2021","302","4","0.8998"
"4586313","2021","303","4","0.8994"
"4683230","2021","304","4","0.8992"
"4431600","2021","305","4","0.8991"
"4600388","2021","306","4","0.8988"
"4690780","2021","307","4","0.8988"
"4432787","2021","308","4","0.8985"
"4431537","2021","309","4","0.8978"
"4683131","2021","310","4","0.8974"
"4683065","2021","311","4","0.8974"
"","2021","312","4","0.8972"
"4432754","2021","313","4","0.8972"
"4597334","2021","314","4","0.8972"
"4612202","2021","315","4","0.8966"
"4432722","2021","316","4","0.8964"
"4432744","2021","317","4","0.8964"
"4566384","2021","318","4","0.8962"
"4682762","2021","319","4","0.8961"
"4432720","2021","320","4","0.8958"
"4683794","2021","321","4","0.8958"
"4432751","2021","322","4","0.8958"
"4431612","2021","323","4","0.8958"
"4710344","2021","324","4","0.8958"
"4431530","2021","325","4","0.8958"
"4594277","2021","326","4","0.8954"
"4596363","2021","327","4","0.8954"
"4683158","2021","328","4","0.8952"
"4570043","2021","329","4","0.8952"
"4596362","2021","330","4","0.8951"
"4913159","2021","331","4","0.8951"
"4596679","2021","332","4","0.895"
"4682789","2021","333","4","0.8948"
"4596439","2021","334","4","0.8947"
"4634711","2021","335","4","0.8939"
"4431199","2021","336","4","0.8938"
"4602969","2021","337","4","0.8937"
"4602389","2021","338","4","0.8937"
"4433965","2021","339","4","0.8936"
"4683264","2021","340","4","0.8935"
"4596448","2021","341","4","0.8933"
"4602936","2021","342","4","0.8933"
"4683515","2021","343","4","0.893"
"","2021","344","4","0.8929"
"4874527","2021","345","4","0.8929"
"4569659","2021","346","4","0.8925"
"4570035","2021","347","4","0.8925"
"4603186","2021","348","4","0.8925"
"4596357","2021","349","4","0.8925"
"4432732","2021","350","4","0.8925"
"4592823","2021","351","4","0.8918"
"4682618","2021","352","4","0.8917"
"4592836","2021","353","4","0.8917"
"4683237","2021","354","4","0.8917"
"4678008","2021","355","4","0.8917"
"4609203","2021","356","4","0.8915"
"4431520","2021","357","4","0.8914"
"4683149","2021","358","4","0.8906"
"4682747","2021","359","4","0.8902"
"4570741","2021","360","4","0.8901"
"5080699","2021","361","3","0.8896"
"4592531","2021","362","3","0.8894"
"4684967","2021","363","3","0.8893"
"4592573","2021","364","3","0.8893"
"4596345","2021","365","3","0.8893"
"4601283","2021","366","3","0.8892"
"4683093","2021","367","3","0.8891"
"4875183","2021","368","3","0.8891"
"4431461","2021","369","3","0.8891"
"4431414","2021","370","3","0.8891"
"4566094","2021","371","3","0.889"
"4604986","2021","372","3","0.8889"
"4565184","2021","373","3","0.8889"
"4603185","2021","374","3","0.8889"
"","2021","375","3","0.8884"
"4597241","2021","376","3","0.8884"
"4635008","2021","377","3","0.8884"
"4708089","2021","378","3","0.8884"
"4596666","2021","379","3","0.8884"
"","2021","380","3","0.8884"
"4597500","2021","381","3","0.8883"
"4598574","2021","382","3","0.8882"
"4683325","2021","383","3","0.8879"
"4563007","2021","384","3","0.8877"
"4431572","2021","385","3","0.8877"
"4682479","2021","386","3","0.8875"
"4682565","2021","387","3","0.8875"
"4432705","2021","388","3","0.8874"
"4431214","2021","389","3","0.8872"
"4596541","2021","390","3","0.8872"
"4570038","2021","391","3","0.8871"
"","2021","392","3","0.8871"
"4683173","2021","393","3","0.8871"
"4683059","2021","394","3","0.8868"
"4595024","2021","395","3","0.8864"
"4683487","2021","396","3","0.8864"
"4431332","2021","397","3","0.8863"
"4612839","2021","398","3","0.8863"
"4570040","2021","399","3","0.8863"
"4680604","2021","400","3","0.8863"
"","2021","401","3","0.8863"
"4432756","2021","402","3","0.8863"
"4597008","2021","403","3","0.8863"
"4683215","2021","404","3","0.8862"
"4594984","2021","405","3","0.8861"
"4683138","2021","406","3","0.8858"
"4599198","2021","407","3","0.8856"
"4594321","2021","408","3","0.8856"
"4682652","2021","409","3","0.8853"
"4690781","2021","410","3","0.8851"
"4875593","2021","411","3","0.8851"
"4596364","2021","412","3","0.8851"
"4682510","2021","413","3","0.8851"
"4680018","2021","414","3","0.8851"
"4682505","2021","415","3","0.8851"
"4599197","2021","416","3","0.885"
"4590298","2021","417","3","0.885"
"","2021","418","3","0.885"
"4668019","2021","419","3","0.885"
"4588300","2021","420","3","0.885"
"4589518","2021","421","3","0.885"
"4612200","2021","422","3","0.885"
"","2021","423","3","0.885"
"","2021","424","3","0.8843"
"4687700","2021","425","3","0.8843"
"4683446","2021","426","3","0.8843"
"","2021","426","3","0.8843"
"4683417","2021","427","3","0.8843"
"4682984","2021","428","3","0.8842"
"4602696","2021","429","3","0.8842"
"4684142","2021","430","3","0.8842"
"","2021","431","3","0.8839"
"","2021","432","3","0.8838"
"","2021","433","3","0.8837"
"4875981","2021","434","3","0.8837"
"4683101","2021","435","3","0.8834"
"4710322","2021","436","3","0.8834"
"","2021","437","3","0.8833"
"4599375","2021","438","3","0.883"
"4686693","2021","439","3","0.883"
"4431597","2021","440","3","0.8829"
"4708079","2021","441","3","0.8824"
"4683139","2021","442","3","0.8822"
"","2021","443","3","0.8817"
"","2021","444","3","0.8817"
"4431505","2021","445","3","0.8817"
"4566153","2021","446","3","0.8817"
"4432612","2021","447","3","0.8817"
"4431526","2021","448","3","0.8817"
"4433974","2021","449","3","0.8817"
"","2021","450","3","0.8816"
"4569663","2021","451","3","0.8816"
"","2021","452","3","0.8815"
"4603086","2021","453","3","0.8813"
"4612298","2021","454","3","0.881"
"4603085","2021","455","3","0.881"
"4684085","2021","456","3","0.881"
"4602897","2021","457","3","0.881"
"4602016","2021","458","3","0.881"
"4432755","2021","459","3","0.881"
"4596601","2021","460","3","0.8809"
"4594329","2021","461","3","0.8809"
"4601280","2021","462","3","0.8807"
"4699354","2021","463","3","0.8806"
"4683536","2021","464","3","0.8804"
"4687707","2021","465","3","0.8801"
"4683818","2021","466","3","0.8801"
"4598577","2021","467","3","0.8797"
"4683176","2021","468","3","0.8797"
"4602695","2021","469","3","0.8796"
"4431410","2021","470","3","0.8796"
"4433967","2021","471","3","0.8795"
"4587705","2021","472","3","0.8795"
"4431540","2021","473","3","0.8789"
"4431575","2021","474","3","0.8789"
"4700270","2021","475","3","0.8789"
"4602984","2021","476","3","0.8789"
"4431646","2021","477","3","0.8788"
"4602193","2021","478","3","0.8788"
"4588194","2021","479","3","0.8788"
"","2021","480","3","0.8787"
"4432733","2021","481","3","0.8786"
"4431510","2021","482","3","0.8785"
"4596346","2021","483","3","0.8784"
"4431608","2021","484","3","0.8784"
"4432788","2021","485","3","0.8784"
"","2021","486","3","0.8784"
"4683002","2021","487","3","0.8784"
"4431278","2021","488","3","0.8784"
"","2021","489","3","0.8784"
"4566198","2021","490","3","0.8784"
"4431494","2021","491","3","0.8782"
"4565552","2021","492","3","0.878"
"4431340","2021","493","3","0.8777"
"4691878","2021","494","3","0.8776"
"4602927","2021","495","3","0.8776"
"","2021","496","3","0.8776"
"4602189","2021","497","3","0.8776"
"4683243","2021","498","3","0.8776"
"4698884","2021","499","3","0.8776"
"4603192","2021","500","3","0.8776"
"4683262","2021","501","3","0.8776"
"4873615","2021","502","3","0.8776"
"4597253","2021","503","3","0.8776"
"4668088","2021","504","3","0.8776"
"4686569","2021","505","3","0.8776"
"4592833","2021","506","3","0.8768"
"4603101","2021","507","3","0.8768"
"4683716","2021","508","3","0.8768"
"4690476","2021","509","3","0.8768"
"4586334","2021","510","3","0.8767"
"4602900","2021","511","3","0.8767"
"4683318","2021","512","3","0.8767"
"4431626","2021","513","3","0.8766"
"4432736","2021","514","3","0.8763"
"4589233","2021","515","3","0.8763"
"","2021","516","3","0.8763"
"4683489","2021","517","3","0.8763"
"4683043","2021","518","3","0.8763"
"4432669","2021","519","3","0.8763"
"4683102","2021","520","3","0.8762"
"4431632","2021","521","3","0.8762"
"4572380","2021","522","3","0.8762"
"4691556","2021","523","3","0.8757"
"4687178","2021","524","3","0.8756"
"4587701","2021","525","3","0.8755"
"4587723","2021","526","3","0.8755"
"4600604","2021","527","3","0.8755"
"4683128","2021","528","3","0.8755"
"4602895","2021","529","3","0.8755"
"","2021","530","3","0.8755"
"4873431","2021","531","3","0.8749"
"4431401","2021","532","3","0.8749"
"4568723","2021","533","3","0.8748"
"4594337","2021","534","3","0.8748"
"","2021","535","3","0.8748"
"4684525","2021","536","3","0.8746"
"","2021","537","3","0.8743"
"4431516","2021","538","3","0.8743"
"4431258","2021","539","3","0.8743"
"4598576","2021","540","3","0.8742"
"4568075","2021","541","3","0.8742"
"4683092","2021","542","3","0.8742"
"4602021","2021","543","3","0.8742"
"4431647","2021","544","3","0.8742"
"","2021","545","3","0.8742"
"","2021","546","3","0.8739"
"4596663","2021","546","3","0.8742"
"4576713","2021","547","3","0.8742"
"4683119","2021","548","3","0.8739"
"","2021","549","3","0.8739"
"","2021","549","3","0.8739"
"","2021","549","3","0.8739"
"4697393","2021","550","3","0.8736"
"5081785","2021","551","3","0.8735"
"4683118","2021","552","3","0.8734"
"4602191","2021","553","3","0.8734"
"4698179","2021","554","3","0.8734"
"","2021","555","3","0.8729"
"4683096","2021","556","3","0.8727"
"4597310","2021","557","3","0.8727"
"4683920","2021","558","3","0.8727"
"","2021","559","3","0.8727"
"4431152","2021","559","3","0.8722"
"","2021","560","3","0.8727"
"4683717","2021","561","3","0.8722"
"4431152","2021","562","3","0.8722"
"4680016","2021","563","3","0.8722"
"4685893","2021","564","3","0.8722"
"","2021","565","3","0.8722"
"4684421","2021","566","3","0.8722"
"4432726","2021","567","3","0.8722"
"4686218","2021","568","3","0.8721"
"4431605","2021","569","3","0.8721"
"","2021","570","3","0.8721"
"4596010","2021","571","3","0.8721"
"4568722","2021","572","3","0.8721"
"4586314","2021","573","3","0.8721"
"4709392","2021","574","3","0.872"
"4431211","2021","575","3","0.8717"
"4606193","2021","576","3","0.8717"
"4602946","2021","577","3","0.8716"
"4700139","2021","578","3","0.8715"
"4709718","2021","579","3","0.8715"
"4683961","2021","580","3","0.8714"
"4602896","2021","581","3","0.8714"
"4597249","2021","582","3","0.8714"
"4602648","2021","583","3","0.871"
"4592834","2021","583","3","0.8713"
"4682644","2021","584","3","0.8713"
"4602648","2021","585","3","0.871"
"4431418","2021","586","3","0.871"
"4431328","2021","587","3","0.871"
"","2021","588","3","0.871"
"4431336","2021","589","3","0.871"
"4432723","2021","590","3","0.871"
"4602192","2021","591","3","0.8709"
"4592530","2021","592","3","0.8709"
"4592569","2021","593","3","0.8709"
"4705623","2021","594","3","0.8709"
"4431338","2021","595","3","0.8709"
"4677280","2021","596","3","0.8706"
"4875276","2021","597","3","0.8706"
"4602676","2021","598","3","0.8702"
"4631068","2021","599","3","0.8702"
"4432659","2021","600","3","0.8702"
"4431663","2021","601","3","0.8702"
"4431556","2021","602","3","0.8702"
"4698882","2021","603","3","0.8702"
"4431664","2021","604","3","0.8702"
"4683553","2021","605","3","0.8702"
"4683263","2021","606","3","0.8702"
"4688754","2021","607","3","0.8702"
"4596542","2021","608","3","0.8701"
"4683154","2021","609","3","0.8701"
"4586333","2021","610","3","0.8701"
"","2021","611","3","0.8701"
"4594319","2021","612","3","0.8701"
"4431628","2021","613","3","0.87"
"4599365","2021","614","3","0.87"
"4596710","2021","615","3","0.87"
"4587704","2021","616","3","0.87"
"","2021","617","3","0.87"
"4432713","2021","618","3","0.8696"
"","2021","619","3","0.8696"
"4602017","2021","620","3","0.8696"
"4602937","2021","621","3","0.8695"
"4602944","2021","622","3","0.8694"
"","2021","623","3","0.8694"
"4612850","2021","624","3","0.8693"
"4668000","2021","625","3","0.8689"
"4691688","2021","626","3","0.8689"
"4594985","2021","627","3","0.8689"
"4682638","2021","628","3","0.8689"
"4431159","2021","629","3","0.8689"
"4682508","2021","630","3","0.8688"
"4431633","2021","631","3","0.8688"
"","2021","632","3","0.8688"
"4682788","2021","633","3","0.8688"
"4588298","2021","634","3","0.8688"
"","2021","635","3","0.8688"
"4607404","2021","636","3","0.8688"
"4603746","2021","637","3","0.8688"
"4688930","2021","638","3","0.8688"
"","2021","639","3","0.8688"
"4682503","2021","640","3","0.8687"
"4683291","2021","641","3","0.8685"
"","2021","642","3","0.8683"
"4678007","2021","643","3","0.8682"
"4700529","2021","644","3","0.8682"
"4602928","2021","645","3","0.8681"
"4596604","2021","646","3","0.8681"
"4684069","2021","647","3","0.8681"
"4682745","2021","648","3","0.868"
"4602788","2021","649","3","0.868"
"4587724","2021","650","3","0.868"
"","2021","651","3","0.868"
"4600418","2021","652","3","0.8676"
"","2021","653","3","0.8676"
"4592534","2021","654","3","0.8676"
"4611993","2021","655","3","0.8676"
"","2021","656","3","0.8676"
"","2021","657","3","0.8675"
"4431475","2021","658","3","0.8675"
"4686728","2021","659","3","0.8674"
"4699678","2021","660","3","0.8674"
"4612082","2021","661","3","0.8673"
"4682852","2021","662","3","0.8673"
"4689528","2021","663","3","0.8671"
"4431327","2021","664","3","0.8669"
"4695860","2021","665","3","0.8669"
"4597311","2021","666","3","0.8668"
"4684527","2021","667","3","0.8668"
"4683246","2021","668","3","0.8668"
"","2021","669","3","0.8668"
"4676004","2021","670","3","0.8668"
"4602898","2021","671","3","0.8668"
"4877651","2021","672","3","0.8668"
"4683436","2021","673","3","0.8668"
"4596995","2021","674","3","0.8668"
"","2021","675","3","0.8668"
"4875088","2021","676","3","0.8668"
"4678012","2021","677","3","0.8667"
"4873123","2021","678","3","0.8667"
"4602935","2021","679","3","0.8667"
"4683423","2021","680","3","0.8667"
"4683643","2021","681","3","0.8667"
"4710334","2021","682","3","0.8667"
"","2021","683","3","0.8667"
"4431560","2021","684","3","0.8665"
"","2021","685","3","0.8662"
"4595354","2021","686","3","0.8662"
"4683227","2021","687","3","0.8661"
"4682792","2021","688","3","0.8661"
"4683458","2021","689","3","0.866"
"4590293","2021","690","3","0.8659"
"4683058","2021","691","3","0.8655"
"4592839","2021","692","3","0.8654"
"4611994","2021","693","3","0.8654"
"4682506","2021","694","3","0.8654"
"4682862","2021","695","3","0.8654"
"4595341","2021","696","3","0.8653"
"4431282","2021","697","3","0.8648"
"4639671","2021","698","3","0.8648"
"4872833","2021","699","3","0.8648"
"4683188","2021","700","3","0.8648"
"4684173","2021","701","3","0.8647"
"4592574","2021","702","3","0.8647"
"4691318","2021","703","3","0.8647"
"4684542","2021","704","3","0.8647"
"4710341","2021","705","3","0.8647"
"4683554","2021","706","3","0.8647"
"4602906","2021","707","3","0.8647"
"4689529","2021","708","3","0.8647"
"","2021","709","3","0.8647"
"4612836","2021","710","3","0.8647"
"4687186","2021","711","3","0.8647"
"4600984","2021","712","3","0.8647"
"4682909","2021","713","3","0.8647"
"","2021","714","3","0.8647"
"4700756","2021","715","3","0.8647"
"4689267","2021","716","3","0.8647"
"4682613","2021","717","3","0.8646"
"4603088","2021","718","3","0.8646"
"4684433","2021","719","3","0.8646"
"4603089","2021","720","3","0.8646"
"4680017","2021","721","3","0.8643"
"4431548","2021","722","3","0.8643"
"","2021","723","3","0.8643"
"4594446","2021","724","3","0.864"
"4565553","2021","725","3","0.864"
"4683202","2021","726","3","0.864"
"4683155","2021","727","3","0.8639"
"4683311","2021","728","3","0.8639"
"4682760","2021","729","3","0.8639"
"4602390","2021","730","3","0.8639"
"4683207","2021","731","3","0.8639"
"4684636","2021","732","3","0.8638"
"4592840","2021","733","3","0.8635"
"4682796","2021","734","3","0.8635"
"","2021","735","3","0.8635"
"4570645","2021","736","3","0.8635"
"4684529","2021","737","3","0.8634"
"4611517","2021","738","3","0.8634"
"4687413","2021","739","3","0.8634"
"4586331","2021","740","3","0.8633"
"4683004","2021","741","3","0.8633"
"4691966","2021","742","3","0.8633"
"","2021","743","3","0.8629"
"4611355","2021","744","3","0.8628"
"4684454","2021","745","3","0.8628"
"4682983","2021","746","3","0.8627"
"","2021","747","3","0.8627"
"4684528","2021","748","3","0.8627"
"4684325","2021","749","3","0.8626"
"4595022","2021","750","3","0.8626"
"4594320","2021","751","3","0.8626"
"4602907","2021","752","3","0.8626"
"4874528","2021","753","3","0.8626"
"","2021","754","3","0.8626"
"4568726","2021","755","3","0.8626"
"","2021","756","3","0.8626"
"4683926","2021","757","3","0.8626"
"4603092","2021","758","3","0.8626"
"","2021","759","3","0.8626"
"","2021","760","3","0.8626"
"4698910","2021","761","3","0.8626"
"4683867","2021","762","3","0.8625"
"","2021","763","3","0.8622"
"","2021","764","3","0.8622"
"4565186","2021","765","3","0.8622"
"4682935","2021","766","3","0.8622"
"4597240","2021","767","3","0.8621"
"","2021","768","3","0.8621"
"4602656","2021","769","3","0.8619"
"4683244","2021","770","3","0.8619"
"4683192","2021","771","3","0.8619"
"4682861","2021","772","3","0.8619"
"4682853","2021","773","3","0.8619"
"4701308","2021","774","3","0.8618"
"4683585","2021","775","3","0.8618"
"4662406","2021","776","3","0.8615"
"4683821","2021","777","3","0.8615"
"","2021","778","3","0.8615"
"","2021","779","3","0.8615"
"4432799","2021","780","3","0.8614"
"","2021","781","3","0.8614"
"4602783","2021","782","3","0.8614"
"4689115","2021","783","3","0.8614"
"4689074","2021","784","3","0.8614"
"4683556","2021","785","3","0.8614"
"","2021","786","3","0.8614"
"","2021","787","3","0.8614"
"4611385","2021","788","3","0.8614"
"4600408","2021","789","3","0.8614"
"","2021","790","3","0.8614"
"4686609","2021","791","3","0.8614"
"4708859","2021","792","3","0.8614"
"4678009","2021","793","3","0.8614"
"4602671","2021","794","3","0.8614"
"4683228","2021","795","3","0.8613"
"","2021","796","3","0.8613"
"4875086","2021","797","3","0.8613"
"4682634","2021","798","3","0.8611"
"4565187","2021","799","3","0.8609"
"4431609","2021","800","3","0.8609"
"4687673","2021","801","3","0.8608"
"4710665","2021","802","3","0.8607"
"","2021","803","3","0.8607"
"","2021","803","3","0.8607"
"4683330","2021","804","3","0.8607"
"4683151","2021","805","3","0.8607"
"4592572","2021","806","3","0.8607"
"4683667","2021","807","3","0.8607"
"","2021","808","3","0.8607"
"4432666","2021","809","3","0.8606"
"","2021","810","3","0.8606"
"4686358","2021","811","3","0.8606"
"4611995","2021","812","3","0.8606"
"4599150","2021","813","3","0.8606"
"","2021","814","3","0.8605"
"4683198","2021","815","3","0.8602"
"4685731","2021","816","3","0.8602"
"4597499","2021","817","3","0.8601"
"","2021","818","3","0.8601"
"4432770","2021","819","3","0.8601"
"4594748","2021","820","3","0.8601"
"","2021","821","3","0.8601"
"4874413","2021","822","3","0.8601"
"4596708","2021","823","3","0.8601"
"4432771","2021","824","3","0.8601"
"","2021","825","3","0.86"
"4683698","2021","826","3","0.8598"
"4605835","2021","827","3","0.8597"
"4586312","2021","828","3","0.8597"
"4682485","2021","829","3","0.8594"
"4432704","2021","830","3","0.8594"
"","2021","831","3","0.8593"
"","2021","832","3","0.8593"
"4683645","2021","833","3","0.8593"
"","2021","834","3","0.8593"
"4603084","2021","835","3","0.8593"
"4603091","2021","836","3","0.8593"
"4710008","2021","837","3","0.8593"
"4600980","2021","838","3","0.8593"
"4603190","2021","839","3","0.8593"
"4683234","2021","840","3","0.8593"
"4682749","2021","841","3","0.8593"
"4600389","2021","842","3","0.8593"
"4683144","2021","843","3","0.8593"
"4688538","2021","844","3","0.8593"
"4687044","2021","845","3","0.8593"
"4690483","2021","846","3","0.8593"
"4683563","2021","847","3","0.8593"
"4703023","2021","848","3","0.8593"
"4713357","2021","849","3","0.8593"
"4612411","2021","850","3","0.8592"
"4683272","2021","851","3","0.8592"
"4596947","2021","852","3","0.8588"
"4874514","2021","853","3","0.8588"
"4570743","2021","854","3","0.8587"
"4684010","2021","855","3","0.8586"
"4596547","2021","856","3","0.8586"
"","2021","857","3","0.8586"
"4597252","2021","858","3","0.8586"
"4687358","2021","859","3","0.8586"
"4705513","2021","860","3","0.8581"
"4683918","2021","861","3","0.8581"
"4682918","2021","862","3","0.8581"
"4683307","2021","863","3","0.8581"
"4431559","2021","864","3","0.8581"
"4685822","2021","865","3","0.8581"
"4708486","2021","866","3","0.8581"
"4603199","2021","867","3","0.8581"
"4432672","2021","868","3","0.858"
"4432711","2021","869","3","0.858"
"4595344","2021","870","3","0.858"
"4612846","2021","871","3","0.858"
"","2021","872","3","0.858"
"","2021","873","3","0.8577"
"","2021","874","3","0.8577"
"","2021","875","3","0.8577"
"4874434","2021","876","3","0.8573"
"4680019","2021","877","3","0.8573"
"4663499","2021","878","3","0.8573"
"4686031","2021","879","3","0.8573"
"4683235","2021","880","3","0.8573"
"4566654","2021","881","3","0.8573"
"4682757","2021","882","3","0.8573"
"4431660","2021","883","3","0.8573"
"4682653","2021","884","3","0.8573"
"4691315","2021","885","3","0.8573"
"4712462","2021","886","3","0.8573"
"4589494","2021","887","3","0.8573"
"4680024","2021","888","3","0.8573"
"4602982","2021","889","3","0.8572"
"4602199","2021","890","3","0.8572"
"4613269","2021","891","3","0.8572"
"4595005","2021","892","3","0.8572"
"4683265","2021","893","3","0.8572"
"4683014","2021","894","3","0.8572"
"4596545","2021","895","3","0.8572"
"4707209","2021","896","3","0.8572"
"4688216","2021","897","3","0.8572"
"4683127","2021","898","3","0.8572"
"4683582","2021","899","3","0.8572"
"4565912","2021","900","3","0.8572"
"4683336","2021","901","3","0.8572"
"4684625","2021","902","3","0.8572"
"4683126","2021","903","3","0.8572"
"4683502","2021","904","3","0.8572"
"4573075","2021","905","3","0.8572"
"","2021","906","3","0.8567"
"","2021","907","3","0.8567"
"4595351","2021","908","3","0.8567"
"4684007","2021","909","3","0.8567"
"4683145","2021","910","3","0.8566"
"4431416","2021","911","3","0.8566"
"4602185","2021","912","3","0.8565"
"4682688","2021","913","3","0.8564"
"4682643","2021","914","3","0.8564"
"4619186","2021","915","3","0.8564"
"4687483","2021","916","3","0.8564"
"4583089","2021","917","3","0.8561"
"","2021","918","3","0.8561"
"4682779","2021","919","3","0.856"
"4593005","2021","920","3","0.856"
"","2021","921","3","0.8559"
"4683097","2021","922","3","0.8559"
"4684003","2021","923","3","0.8559"
"4685232","2021","924","3","0.8559"
"4586330","2021","925","3","0.8559"
"4643696","2021","926","3","0.8559"
"4682568","2021","927","3","0.8559"
"4682908","2021","928","3","0.8559"
"4432721","2021","929","3","0.8558"
"","2021","930","3","0.8558"
"4600387","2021","931","3","0.8552"
"4684502","2021","932","3","0.8552"
"4683559","2021","933","3","0.8552"
"4680023","2021","934","3","0.8552"
"4610164","2021","935","3","0.8552"
"4708795","2021","936","3","0.8552"
"4594444","2021","937","3","0.8552"
"","2021","938","3","0.8552"
"4691367","2021","939","3","0.8552"
"4683191","2021","940","3","0.8552"
"4687093","2021","941","3","0.8552"
"4688755","2021","942","3","0.8552"
"","2021","943","3","0.8552"
"4688931","2021","944","3","0.8551"
"","2021","945","3","0.8551"
"4682639","2021","946","3","0.8551"
"4683057","2021","947","3","0.8551"
"","2021","948","3","0.8551"
"4601081","2021","949","3","0.8551"
"4690066","2021","950","3","0.8551"
"4683464","2021","951","3","0.8551"
"4691879","2021","952","3","0.8551"
"4683314","2021","953","3","0.8551"
"4684011","2021","954","3","0.8551"
"4693942","2021","955","3","0.8551"
"4431154","2021","956","3","0.8549"
"4912218","2021","957","3","0.8548"
"4432786","2021","958","3","0.8548"
"4431507","2021","959","3","0.8548"
"","2021","960","3","0.8547"
"4592571","2021","961","3","0.8547"
"4600603","2021","962","3","0.8544"
"4600403","2021","963","3","0.8544"
"4683165","2021","964","3","0.8544"
"","2021","965","3","0.8541"
"4600406","2021","966","3","0.854"
"5084111","2021","967","3","0.854"
"4682980","2021","968","3","0.854"
"4602019","2021","969","3","0.854"
"4683153","2021","970","3","0.854"
"4602194","2021","971","3","0.854"
"","2021","972","3","0.854"
"4683719","2021","973","3","0.854"
"4686947","2021","974","3","0.854"
"4875101","2021","975","3","0.854"
"","2021","976","3","0.854"
"4682778","2021","977","3","0.854"
"4687184","2021","978","3","0.854"
"4432677","2021","979","3","0.854"
"4683560","2021","980","3","0.854"
"4707203","2021","981","3","0.8539"
"4683178","2021","982","3","0.8539"
"4602921","2021","983","3","0.8539"
"4603188","2021","984","3","0.8538"
"4688836","2021","985","3","0.8538"
"4684030","2021","986","3","0.8538"
"4431654","2021","987","3","0.8538"
"4683319","2021","988","3","0.8538"
"4682504","2021","989","3","0.8538"
"4686786","2021","990","3","0.8538"
"4683326","2021","991","3","0.8538"
"","2021","992","3","0.8538"
"","2021","993","3","0.8536"
"","2021","994","3","0.8535"
"4596948","2021","995","3","0.8534"
"4690461","2021","996","3","0.8533"
"","2021","997","3","0.8533"
"","2021","998","3","0.8533"
"4602947","2021","999","3","0.8533"
"4602967","2021","1000","3","0.8532"
"4602923","2021","1001","3","0.8532"
"4683410","2021","1002","3","0.8532"
"","2021","1003","3","0.8531"
"4606658","2021","1004","3","0.853"
"","2021","1005","3","0.853"
"4565185","2021","1006","3","0.8527"
"","2021","1007","3","0.8527"
"4710348","2021","1008","3","0.8527"
"4612346","2021","1009","3","0.8527"
"","2021","1010","3","0.8527"
"4572446","2021","1011","3","0.8527"
"4595342","2021","1012","3","0.8526"
"4683468","2021","1013","3","0.8526"
"4683567","2021","1014","3","0.8526"
"4596088","2021","1015","3","0.8526"
"4431565","2021","1016","3","0.8526"
"4603748","2021","1017","3","0.8526"
"","2021","1018","3","0.8526"
"","2021","1019","3","0.8526"
"4684831","2021","1020","3","0.8526"
"4877389","2021","1021","3","0.8525"
"4687185","2021","1022","3","0.8525"
"","2021","1023","3","0.8523"
"4431391","2021","1024","3","0.8521"
"4602187","2021","1025","3","0.8519"
"4683819","2021","1026","3","0.8519"
"4680021","2021","1027","3","0.8519"
"4683182","2021","1028","3","0.8519"
"4683463","2021","1029","3","0.8519"
"4687190","2021","1030","3","0.8519"
"4686030","2021","1031","3","0.8519"
"4684277","2021","1032","3","0.8519"
"4683047","2021","1033","3","0.8519"
"","2021","1034","3","0.8519"
"4686362","2021","1035","3","0.8519"
"","2021","1036","3","0.8519"
"4682857","2021","1037","3","0.8519"
"4683984","2021","1038","3","0.8519"
"4709386","2021","1039","3","0.8519"
"4682906","2021","1040","3","0.8519"
"4600827","2021","1041","3","0.8519"
"4612589","2021","1042","3","0.8519"
"4684453","2021","1043","3","0.8519"
"4709014","2021","1044","3","0.8519"
"4686709","2021","1045","3","0.8519"
"4683007","2021","1046","3","0.8519"
"4606188","2021","1047","3","0.8519"
"4676889","2021","1048","3","0.8519"
"4600981","2021","1049","3","0.8519"
"4683310","2021","1050","3","0.8519"
"4683205","2021","1051","3","0.8519"
"4602646","2021","1052","3","0.8519"
"","2021","1053","3","0.8519"
"4683543","2021","1054","3","0.8519"
"4684388","2021","1055","3","0.8519"
"","2021","1056","3","0.8519"
"4685826","2021","1057","3","0.8519"
"4893040","2021","1058","3","0.8519"
"4709669","2021","1059","3","0.8519"
"4612605","2021","1060","3","0.8518"
"","2021","1061","3","0.8518"
"","2021","1062","3","0.8516"
"","2021","1063","3","0.8514"
"5082503","2021","1064","3","0.8514"
"4683120","2021","1065","3","0.8513"
"4683116","2021","1066","3","0.8511"
"4687592","2021","1067","3","0.8511"
"4683150","2021","1068","3","0.8511"
"4593004","2021","1069","3","0.851"
"","2021","1070","3","0.8506"
"4597498","2021","1071","3","0.8506"
"4596665","2021","1072","3","0.8506"
"4596450","2021","1073","3","0.8506"
"4567707","2021","1074","3","0.8506"
"4683538","2021","1075","3","0.8506"
"4600405","2021","1076","3","0.8506"
"4602015","2021","1077","3","0.8506"
"4700453","2021","1078","3","0.8506"
"4685183","2021","1079","3","0.8506"
"4683462","2021","1080","3","0.8506"
"4682993","2021","1081","3","0.8506"
"4694152","2021","1082","3","0.8506"
"","2021","1083","3","0.8506"
"4683537","2021","1084","3","0.8506"
"4602778","2021","1085","3","0.8505"
"4682642","2021","1086","3","0.8505"
"4682533","2021","1087","3","0.8505"
"4596019","2021","1088","3","0.8505"
"","2021","1089","3","0.8505"
"4699865","2021","1090","3","0.8505"
"4597250","2021","1091","3","0.8499"
"","2021","1092","3","0.8499"
"4594198","2021","1093","3","0.8498"
"4700142","2021","1094","3","0.8498"
"4602908","2021","1095","3","0.8498"
"4689467","2021","1096","3","0.8498"
"","2021","1097","3","0.8498"
"4586332","2021","1098","3","0.8498"
"4682916","2021","1099","3","0.8498"
"4683890","2021","1100","3","0.8498"
"4602188","2021","1101","3","0.8498"
"4683327","2021","1102","3","0.8498"
"","2021","1103","3","0.8498"
"4603752","2021","1104","3","0.8498"
"4680599","2021","1105","3","0.8498"
"4683484","2021","1106","3","0.8498"
"4594281","2021","1107","3","0.8498"
"4599160","2021","1108","3","0.8498"
"4687327","2021","1109","3","0.8498"
"4686223","2021","1110","3","0.8498"
"4688552","2021","1111","3","0.8497"
"4683658","2021","1112","3","0.8497"
"","2021","1113","3","0.8493"
"4686711","2021","1114","3","0.8491"
"4685119","2021","1115","3","0.849"
"4708494","2021","1116","3","0.849"
"4682754","2021","1117","3","0.849"
"4683510","2021","1118","3","0.8485"
"4601078","2021","1119","3","0.8485"
"","2021","1120","3","0.8485"
"4568709","2021","1121","3","0.8485"
"","2021","1122","3","0.8485"
"4683516","2021","1123","3","0.8485"
"4683530","2021","1124","3","0.8485"
"","2021","1125","3","0.8485"
"","2021","1126","3","0.8485"
"","2021","1127","3","0.8485"
"4643729","2021","1128","3","0.8485"
"4682748","2021","1129","3","0.8485"
"4684279","2021","1130","3","0.8485"
"4677297","2021","1131","3","0.8485"
"4683822","2021","1132","3","0.8485"
"4683959","2021","1133","3","0.8485"
"","2021","1134","3","0.8484"
"4683437","2021","1135","3","0.8484"
"","2021","1136","3","0.8484"
"4682676","2021","1137","3","0.8484"
"4603100","2021","1138","3","0.8484"
"4588193","2021","1139","3","0.8484"
"4688537","2021","1140","3","0.8484"
"","2021","1141","3","0.8484"
"4611996","2021","1142","3","0.8484"
"4592873","2021","1143","3","0.8484"
"","2021","1144","3","0.8484"
"","2021","1145","3","0.8484"
"4684091","2021","1146","3","0.8482"
"4432747","2021","1147","3","0.8482"
"","2021","1148","3","0.848"
"","2021","1149","3","0.8478"
"4677281","2021","1150","3","0.8478"
"4602201","2021","1151","3","0.8477"
"4683159","2021","1152","3","0.8477"
"","2021","1153","3","0.8477"
"","2021","1154","3","0.8477"
"4701177","2021","1155","3","0.8477"
"4606195","2021","1156","3","0.8477"
"4612214","2021","1157","3","0.8477"
"4710067","2021","1158","3","0.8477"
"4587703","2021","1159","3","0.8477"
"4683114","2021","1160","3","0.8477"
"4683963","2021","1161","3","0.8477"
"","2021","1162","3","0.8477"
"4587720","2021","1163","3","0.8477"
"4702539","2021","1164","3","0.8477"
"4709678","2021","1165","3","0.8477"
"","2021","1166","3","0.8477"
"4708090","2021","1167","3","0.8477"
"4596709","2021","1168","3","0.8477"
"","2021","1169","3","0.8477"
"","2021","1170","3","0.8477"
"","2021","1171","3","0.8477"
"","2021","1172","3","0.8477"
"4710331","2021","1173","3","0.8477"
"4432727","2021","1174","3","0.8474"
"4684389","2021","1175","3","0.8473"
"4689690","2021","1176","3","0.8473"
"4710673","2021","1177","3","0.8473"
"4684524","2021","1178","3","0.8473"
"4567790","2021","1179","3","0.8472"
"4602924","2021","1180","3","0.8472"
"","2021","1181","3","0.8472"
"4684551","2021","1182","3","0.8472"
"4683056","2021","1183","3","0.8471"
"4602940","2021","1184","3","0.8471"
"","2021","1185","3","0.8471"
"4612210","2021","1186","3","0.8467"
"","2021","1187","3","0.8467"
"","2021","1188","3","0.8466"
"","2021","1189","3","0.8466"
"","2021","1190","3","0.8466"
"","2021","1191","3","0.8466"
"4683914","2021","1192","3","0.8464"
"4683460","2021","1193","3","0.8464"
"4643649","2021","1194","3","0.8464"
"4680600","2021","1195","3","0.8464"
"4680603","2021","1196","3","0.8464"
"4606194","2021","1197","3","0.8464"
"4600739","2021","1198","3","0.8464"
"4602966","2021","1199","3","0.8464"
"4649323","2021","1200","3","0.8464"
"4588200","2021","1201","3","0.8464"
"4875449","2021","1202","3","0.8464"
"","2021","1203","3","0.8464"
"4595349","2021","1204","3","0.8464"
"4683105","2021","1205","3","0.8464"
"4602659","2021","1206","3","0.8464"
"4691881","2021","1207","3","0.8464"
"4602981","2021","1208","3","0.8464"
"4686360","2021","1209","3","0.8464"
"4684536","2021","1210","3","0.8464"
"","2021","1211","3","0.8464"
"4710274","2021","1212","3","0.8464"
"4612606","2021","1213","3","0.8464"
"4684961","2021","1214","3","0.8464"
"4683459","2021","1215","3","0.8464"
"4689266","2021","1216","3","0.8464"
"4689618","2021","1217","3","0.8464"
"4875091","2021","1218","3","0.8464"
"4686063","2021","1219","3","0.8464"
"","2021","1220","3","0.8464"
"4872458","2021","1221","3","0.8463"
"5082487","2021","1222","3","0.8463"
"4684031","2021","1223","3","0.8463"
"","2021","1224","3","0.846"
"","2021","1225","3","0.8459"
"4683724","2021","1226","3","0.8459"
"4431325","2021","1227","3","0.8457"
"4602644","2021","1228","3","0.8457"
"4683386","2021","1229","3","0.8456"
"4602934","2021","1230","3","0.8456"
"4689721","2021","1231","3","0.8456"
"4682858","2021","1232","3","0.8453"
"4594445","2021","1233","3","0.8452"
"4612212","2021","1234","3","0.8452"
"4590294","2021","1235","3","0.8452"
"4682484","2021","1236","3","0.8452"
"","2021","1237","3","0.8452"
"4602672","2021","1238","3","0.8452"
"4875608","2021","1239","3","0.8452"
"4684174","2021","1240","3","0.8452"
"4875095","2021","1241","3","0.8452"
"4696315","2021","1242","3","0.8452"
"4693394","2021","1243","3","0.8451"
"4683285","2021","1244","3","0.8451"
"4602650","2021","1245","3","0.8451"
"4683111","2021","1246","3","0.8451"
"4590299","2021","1247","3","0.8451"
"4589519","2021","1248","3","0.8451"
"4709389","2021","1249","3","0.845"
"4683848","2021","1250","3","0.845"
"","2021","1251","3","0.8449"
"4685795","2021","1252","3","0.8445"
"","2021","1253","3","0.8444"
"4682772","2021","1254","3","0.8444"
"4683206","2021","1255","3","0.8444"
"4683214","2021","1256","3","0.8444"
"4685824","2021","1257","3","0.8444"
"4612623","2021","1258","3","0.8444"
"4710422","2021","1259","3","0.8444"
"4698455","2021","1260","3","0.8444"
"4592835","2021","1261","3","0.8444"
"4602791","2021","1262","3","0.8444"
"4688932","2021","1263","3","0.8444"
"4685891","2021","1264","3","0.8444"
"4684702","2021","1265","3","0.8444"
"4687416","2021","1266","3","0.8444"
"","2021","1267","3","0.8444"
"4683232","2021","1268","3","0.8444"
"4431504","2021","1269","3","0.8443"
"4612198","2021","1270","3","0.8443"
"4683813","2021","1271","3","0.8443"
"4687326","2021","1272","3","0.8443"
"4687356","2021","1273","3","0.8443"
"","2021","1274","3","0.8443"
"","2021","1275","3","0.8439"
"4431499","2021","1276","3","0.8438"
"4713159","2021","1277","3","0.8436"
"4708067","2021","1278","3","0.8436"
"4682692","2021","1279","3","0.8436"
"4683507","2021","1280","3","0.8436"
"4612246","2021","1281","3","0.8432"
"4684432","2021","1282","3","0.8432"
"4683324","2021","1283","3","0.8432"
"4708487","2021","1284","3","0.8431"
"4872830","2021","1285","3","0.8431"
"4587721","2021","1286","3","0.8431"
"4566320","2021","1287","3","0.8431"
"4585727","2021","1288","3","0.8431"
"","2021","1289","3","0.8431"
"","2021","1290","3","0.8431"
"4602652","2021","1291","3","0.8431"
"4683305","2021","1292","3","0.8431"
"4589232","2021","1293","3","0.8431"
"4684084","2021","1294","3","0.8431"
"4596481","2021","1295","3","0.8431"
"4592533","2021","1296","3","0.8431"
"","2021","1297","3","0.8431"
"4568725","2021","1298","3","0.8431"
"4683495","2021","1299","3","0.8431"
"4700136","2021","1300","3","0.8431"
"4685113","2021","1301","3","0.8431"
"4433969","2021","1302","3","0.843"
"4683451","2021","1303","3","0.843"
"4683669","2021","1304","3","0.843"
"4683671","2021","1305","3","0.843"
"4683850","2021","1306","3","0.843"
"4687676","2021","1307","3","0.843"
"4685828","2021","1308","3","0.843"
"","2021","1309","3","0.8426"
"4431254","2021","1310","3","0.8426"
"4685131","2021","1311","3","0.8424"
"4590302","2021","1312","3","0.8424"
"4685235","2021","1313","3","0.8424"
"4683245","2021","1314","3","0.8424"
"4684830","2021","1315","3","0.8424"
"4683160","2021","1316","3","0.8424"
"4701592","2021","1317","3","0.8424"
"4684281","2021","1318","3","0.8424"
"4683296","2021","1319","3","0.8423"
"4683505","2021","1320","3","0.8423"
"4708049","2021","1321","3","0.8423"
"4709649","2021","1322","3","0.8423"
"4683218","2021","1323","3","0.8423"
"4710706","2021","1324","3","0.8423"
"","2021","1325","3","0.8422"
"4875092","2021","1326","3","0.8418"
"","2021","1327","3","0.8418"
"4596336","2021","1328","3","0.8418"
"4877515","2021","1329","3","0.8418"
"","2021","1330","3","0.8418"
"4713277","2021","1331","3","0.8418"
"5091526","2021","1332","3","0.8417"
"","2021","1333","3","0.8416"
"","2021","1334","3","0.8416"
"4879286","2021","1335","3","0.8416"
"","2021","1336","3","0.8416"
"","2021","1337","3","0.8416"
"4683172","2021","1338","3","0.8411"
"4709695","2021","1339","3","0.8411"
"4594323","2021","1340","3","0.8411"
"","2021","1341","3","0.841"
"4612622","2021","1342","3","0.841"
"4705730","2021","1343","3","0.841"
"4683670","2021","1344","3","0.841"
"4684009","2021","1345","3","0.841"
"4875087","2021","1346","3","0.841"
"4612203","2021","1347","3","0.841"
"4875342","2021","1348","3","0.841"
"4432663","2021","1349","3","0.841"
"4691042","2021","1350","3","0.841"
"","2021","1351","3","0.841"
"4612242","2021","1352","3","0.841"
"4572341","2021","1353","3","0.841"
"","2021","1354","3","0.841"
"","2021","1355","3","0.841"
"","2021","1356","3","0.841"
"","2021","1357","3","0.841"
"4686995","2021","1358","3","0.841"
"4612835","2021","1359","3","0.841"
"4604008","2021","1360","3","0.841"
"4682483","2021","1361","3","0.841"
"4683195","2021","1362","3","0.841"
"4682952","2021","1363","3","0.841"
"4686366","2021","1364","3","0.841"
"4683046","2021","1365","3","0.841"
"","2021","1366","3","0.841"
"4687586","2021","1367","3","0.841"
"4682488","2021","1368","3","0.841"
"","2021","1369","3","0.841"
"","2021","1370","3","0.841"
"","2021","1371","3","0.841"
"","2021","1372","3","0.841"
"4686028","2021","1373","3","0.841"
"4709393","2021","1374","3","0.841"
"4682996","2021","1375","3","0.8406"
"4596335","2021","1376","3","0.8405"
"","2021","1377","3","0.8405"
"4683181","2021","1378","3","0.8404"
"4687533","2021","1379","3","0.8403"
"4683247","2021","1380","3","0.8403"
"4683109","2021","1381","3","0.8403"
"4683630","2021","1382","3","0.8403"
"4700267","2021","1383","3","0.8403"
"4687485","2021","1384","3","0.8402"
"4682770","2021","1385","3","0.8402"
"","2021","1386","3","0.8402"
"","2021","1387","3","0.8399"
"4683248","2021","1388","3","0.8399"
"4682820","2021","1389","3","0.8397"
"","2021","1390","3","0.8397"
"4602645","2021","1391","3","0.8397"
"","2021","1392","3","0.8397"
"4682640","2021","1393","3","0.8396"
"4689617","2021","1394","3","0.8396"
"4612213","2021","1395","3","0.8395"
"4712464","2021","1396","3","0.8394"
"","2021","1397","3","0.8393"
"4683136","2021","1398","3","0.839"
"4594338","2021","1399","3","0.839"
"4683132","2021","1400","3","0.839"
"4683958","2021","1401","3","0.839"
"4683660","2021","1402","3","0.839"
"4683830","2021","1403","3","0.839"
"","2021","1404","3","0.839"
"4684280","2021","1405","3","0.839"
"4683535","2021","1406","3","0.8389"
"4701176","2021","1407","3","0.8389"
"","2021","1408","3","0.8389"
"4683141","2021","1409","3","0.8389"
"4709977","2021","1410","3","0.8389"
"4689265","2021","1411","3","0.8389"
"4709683","2021","1412","3","0.8389"
"","2021","1413","3","0.8389"
"","2021","1414","3","0.8387"
"","2021","1415","3","0.8386"
"4683161","2021","1416","3","0.8384"
"4689355","2021","1417","3","0.8384"
"4682863","2021","1418","3","0.8383"
"4683452","2021","1419","3","0.8382"
"4683174","2021","1420","3","0.8382"
"4682641","2021","1421","3","0.8382"
"4693396","2021","1422","3","0.8382"
"4710010","2021","1423","3","0.8382"
"4705978","2021","1424","3","0.8382"
"4912262","2021","1425","3","0.8382"
"","2021","1426","3","0.8381"
"","2021","1427","3","0.8379"
"4694149","2021","1428","3","0.8378"
"4589218","2021","1429","3","0.8378"
"4600602","2021","1430","3","0.8378"
"4613268","2021","1431","3","0.8378"
"4699437","2021","1432","3","0.8377"
"4873016","2021","1433","3","0.8377"
"4685116","2021","1434","3","0.8377"
"","2021","1435","3","0.8376"
"","2021","1436","3","0.8376"
"4709808","2021","1437","3","0.8376"
"4570740","2021","1438","3","0.8376"
"4683129","2021","1439","3","0.8376"
"4683012","2021","1440","3","0.8376"
"","2021","1441","3","0.8376"
"4602787","2021","1442","3","0.8376"
"4705395","2021","1443","3","0.8376"
"","2021","1444","3","0.8376"
"4875093","2021","1445","3","0.8376"
"4683256","2021","1446","3","0.8376"
"","2021","1447","3","0.8376"
"","2021","1448","3","0.8376"
"4683224","2021","1449","3","0.8376"
"","2021","1450","3","0.8376"
"4684374","2021","1451","3","0.8376"
"4683486","2021","1452","3","0.8376"
"4879235","2021","1453","3","0.8376"
"","2021","1454","3","0.8376"
"","2021","1455","3","0.8376"
"4682518","2021","1456","3","0.8375"
"4877645","2021","1457","3","0.837"
"4685823","2021","1458","3","0.837"
"4683886","2021","1459","3","0.837"
"","2021","1460","3","0.8369"
"","2021","1461","3","0.8369"
"4700811","2021","1462","3","0.8369"
"4683194","2021","1463","3","0.8369"
"4683225","2021","1464","3","0.8369"
"","2021","1465","3","0.8368"
"4683287","2021","1466","3","0.8368"
"","2021","1467","3","0.8368"
"","2021","1468","3","0.8367"
"","2021","1469","3","0.8367"
"","2021","1470","3","0.8366"
"","2021","1471","3","0.8366"
"","2021","1472","3","0.8366"
"4875335","2021","1473","3","0.8366"
"","2021","1474","3","0.8366"
"","2021","1475","3","0.8366"
"","2021","1476","3","0.8366"
"4708100","2021","1477","3","0.8366"
"","2021","1478","3","0.8366"
"","2021","1479","3","0.8366"
"4708065","2021","1480","3","0.8365"
"4875322","2021","1481","3","0.8365"
"","2021","1482","3","0.8365"
"","2021","1483","3","0.8365"
"4581502","2021","1483","3","0.8365"
"4431634","2021","1484","3","0.8364"
"4682517","2021","1485","3","0.8364"
"4683465","2021","1486","3","0.8364"
"","2021","1487","3","0.8364"
"4680029","2021","1488","3","0.8364"
"","2021","1489","3","0.8364"
"4683531","2021","1490","3","0.8362"
"","2021","1491","3","0.8361"
"","2021","1492","3","0.8358"
"4683217","2021","1493","3","0.8358"
"","2021","1494","3","0.8357"
"4699540","2021","1495","3","0.8357"
"4877881","2021","1496","3","0.8357"
"4683448","2021","1497","3","0.8357"
"4875084","2021","1498","3","0.8356"
"4683729","2021","1499","3","0.8356"
"4702726","2021","1500","3","0.8356"
"4687708","2021","1501","3","0.8356"
"4602790","2021","1502","3","0.8356"
"","2021","1503","3","0.8356"
"5084124","2021","1504","3","0.8356"
"","2021","1505","3","0.8356"
"4875068","2021","1506","3","0.8356"
"4612209","2021","1507","3","0.8356"
"4684975","2021","1508","3","0.8356"
"4687373","2021","1509","3","0.8356"
"4683094","2021","1510","3","0.8356"
"4683133","2021","1511","3","0.8356"
"","2021","1512","3","0.8356"
"4683282","2021","1513","3","0.8356"
"4683306","2021","1514","3","0.8356"
"","2021","1515","3","0.8356"
"","2021","1516","3","0.8356"
"4873003","2021","1517","3","0.8356"
"4684372","2021","1518","3","0.8356"
"4682487","2021","1519","3","0.8355"
"4684086","2021","1520","3","0.8355"
"4689191","2021","1521","3","0.8355"
"","2021","1522","3","0.8355"
"4570644","2021","1523","3","0.8351"
"4683827","2021","1524","3","0.835"
"4597254","2021","1525","3","0.8349"
"4683166","2021","1526","3","0.8349"
"4679957","2021","1527","3","0.8349"
"4683010","2021","1528","3","0.8349"
"4686996","2021","1529","3","0.8349"
"4591106","2021","1530","3","0.8348"
"","2021","1531","3","0.8348"
"4683110","2021","1532","3","0.8348"
"4684531","2021","1533","3","0.8347"
"4683286","2021","1534","3","0.8344"
"4683148","2021","1535","3","0.8344"
"4592838","2021","1536","3","0.8344"
"","2021","1537","3","0.8343"
"","2021","1538","3","0.8343"
"","2021","1539","3","0.8341"
"","2021","1540","3","0.8338"
"","2021","1541","3","0.8338"
"4683257","2021","1542","3","0.8336"
"4708106","2021","1543","3","0.8336"
"4709380","2021","1544","3","0.8336"
"4683412","2021","1545","3","0.8336"
"","2021","1546","3","0.8336"
"4603093","2021","1547","3","0.8336"
"4705717","2021","1548","3","0.8336"
"4701216","2021","1549","3","0.8336"
"4686564","2021","1550","3","0.8336"
"4602983","2021","1551","3","0.8336"
"4682756","2021","1552","3","0.8336"
"4696541","2021","1553","3","0.8336"
"4682480","2021","1554","3","0.8336"
"4683498","2021","1555","3","0.8336"
"4683226","2021","1556","3","0.8336"
"","2021","1557","3","0.8336"
"4709671","2021","1558","3","0.8336"
"4592879","2021","1559","3","0.8335"
"4705561","2021","1560","3","0.8335"
"","2021","1561","3","0.8335"
"4683524","2021","1562","3","0.8335"
"4687331","2021","1563","3","0.8335"
"4686079","2021","1564","3","0.8335"
"","2021","1565","3","0.8335"
"4689364","2021","1566","3","0.8335"
"4683500","2021","1567","3","0.8335"
"","2021","1568","3","0.8335"
"4685896","2021","1569","3","0.833"
"4708127","2021","1570","3","0.8329"
"4683814","2021","1571","3","0.8329"
"4875640","2021","1572","3","0.8329"
"","2021","1573","3","0.8326"
"4683013","2021","1574","3","0.8323"
"4602186","2021","1575","3","0.8323"
"4683425","2021","1576","3","0.8323"
"","2021","1577","3","0.8323"
"4612838","2021","1578","3","0.8323"
"4594336","2021","1579","3","0.8323"
"4684088","2021","1580","3","0.8323"
"4694814","2021","1581","3","0.8322"
"4700137","2021","1582","3","0.8322"
"4683501","2021","1583","3","0.8322"
"4431564","2021","1584","3","0.8322"
"","2021","1585","3","0.8322"
"4612837","2021","1586","3","0.8322"
"4592532","2021","1587","3","0.8322"
"4683558","2021","1588","3","0.8322"
"4684429","2021","1589","3","0.8322"
"4682622","2021","1590","3","0.8322"
"4603751","2021","1591","3","0.8322"
"4683328","2021","1592","3","0.8322"
"4683095","2021","1593","3","0.8322"
"4682758","2021","1594","3","0.8317"
"4570042","2021","1595","3","0.8317"
"4682787","2021","1596","3","0.8317"
"","2021","1597","3","0.8317"
"4883672","2021","1598","3","0.8317"
"","2021","1599","3","0.8317"
"4712326","2021","1600","3","0.8317"
"4893783","2021","1601","3","0.8316"
"","2021","1601","3","0.8315"
"","2021","1602","3","0.8315"
"","2021","1603","3","0.8315"
"","2021","1604","3","0.8315"
"","2021","1605","3","0.8315"
"4877814","2021","1606","3","0.8315"
"4879920","2021","1607","3","0.8315"
"","2021","1608","3","0.8315"
"4708098","2021","1609","3","0.8315"
"","2021","1610","3","0.8315"
"","2021","1611","3","0.8315"
"","2021","1612","3","0.8315"
"","2021","1613","3","0.8315"
"","2021","1614","3","0.8315"
"4710791","2021","1615","3","0.8315"
"","2021","1616","3","0.8315"
"4690591","2021","1617","3","0.8315"
"4710767","2021","1618","3","0.8315"
"4684217","2021","1619","3","0.8315"
"4682647","2021","1620","3","0.8315"
"4603198","2021","1621","3","0.8315"
"4709680","2021","1622","3","0.8315"
"4682777","2021","1623","3","0.8315"
"","2021","1624","3","0.8315"
"4683271","2021","1625","3","0.8315"
"4684543","2021","1626","3","0.8315"
"4683045","2021","1627","3","0.8315"
"","2021","1628","3","0.8315"
"4684004","2021","1629","3","0.8315"
"4709391","2021","1630","3","0.8315"
"4686357","2021","1631","3","0.8314"
"","2021","1632","3","0.8312"
"4683831","2021","1633","3","0.831"
"","2021","1634","3","0.831"
"4683167","2021","1635","3","0.8309"
"4879280","2021","1636","3","0.8309"
"4575215","2021","1637","3","0.8309"
"4597312","2021","1638","3","0.8308"
"","2021","1639","3","0.8305"
"4714290","2021","1640","3","0.8305"
"4714115","2021","1641","3","0.8305"
"","2021","1642","3","0.8305"
"4682649","2021","1643","3","0.8302"
"4683329","2021","1644","3","0.8302"
"4710856","2021","1645","3","0.8302"
"4684431","2021","1646","3","0.8302"
"","2021","1647","3","0.8302"
"4683924","2021","1648","3","0.8302"
"4683320","2021","1648","3","0.8302"
"4683280","2021","1649","3","0.8302"
"4683924","2021","1650","3","0.8302"
"4683590","2021","1651","3","0.8302"
"4676565","2021","1652","3","0.8302"
"","2021","1653","3","0.8302"
"4612621","2021","1654","3","0.8302"
"","2021","1655","3","0.8302"
"4682999","2021","1656","3","0.8302"
"","2021","1657","3","0.8302"
"4912360","2021","1658","3","0.8302"
"4685783","2021","1659","3","0.8302"
"4684332","2021","1660","3","0.8302"
"4708099","2021","1661","3","0.8301"
"4602968","2021","1662","3","0.8301"
"4572264","2021","1663","3","0.8301"
"4602647","2021","1664","3","0.8301"
"5080697","2021","1665","3","0.8301"
"","2021","1666","3","0.8301"
"4572267","2021","1667","3","0.8301"
"","2021","1668","3","0.8301"
"","2021","1669","3","0.8301"
"4683791","2021","1670","3","0.8301"
"4431651","2021","1671","3","0.8301"
"4683922","2021","1672","3","0.8301"
"4688551","2021","1673","3","0.8301"
"4569923","2021","1674","3","0.8297"
"4682866","2021","1675","3","0.8297"
"","2021","1676","3","0.8297"
"4710765","2021","1677","3","0.8295"
"4872834","2021","1678","3","0.8294"
"4685792","2021","1679","3","0.8294"
"4683279","2021","1680","3","0.8294"
"4687409","2021","1681","3","0.8294"
"","2021","1682","3","0.8294"
"4683456","2021","1683","3","0.8294"
"","2021","1684","3","0.8294"
"4693395","2021","1685","3","0.8294"
"4875848","2021","1686","3","0.8294"
"4686064","2021","1687","3","0.829"
"","2021","1688","3","0.829"
"4686080","2021","1689","3","0.8289"
"5084965","2021","1690","3","0.8288"
"","2021","1691","3","0.8288"
"4709668","2021","1692","3","0.8288"
"","2021","1693","3","0.8286"
"","2021","1694","3","0.8286"
"4610132","2021","1695","3","0.8286"
"","2021","1696","3","0.8286"
"","2021","1697","3","0.8286"
"","2021","1698","3","0.8286"
"4698829","2021","1699","3","0.8286"
"4712883","2021","1700","3","0.8286"
"","2021","1701","3","0.8284"
"4590295","2021","1702","3","0.8283"
"","2021","1703","3","0.8282"
"4683572","2021","1704","3","0.8282"
"4880249","2021","1705","3","0.8282"
"4683916","2021","1706","3","0.8282"
"4875089","2021","1707","3","0.8282"
"","2021","1708","3","0.8282"
"4683557","2021","1709","3","0.8282"
"4685895","2021","1710","3","0.8282"
"4690360","2021","1711","3","0.8282"
"4683241","2021","1712","3","0.8282"
"4687594","2021","1713","3","0.8282"
"4687329","2021","1714","3","0.8282"
"4602216","2021","1715","3","0.8282"
"4683252","2021","1716","3","0.8281"
"4618083","2021","1717","3","0.8281"
"4708238","2021","1718","3","0.8281"
"4888138","2021","1719","3","0.8281"
"4698454","2021","1720","3","0.8281"
"4686359","2021","1721","3","0.8281"
"4687398","2021","1722","3","0.8281"
"","2021","1723","3","0.8281"
"4683915","2021","1724","3","0.8281"
"","2021","1725","3","0.8281"
"4690606","2021","1726","3","0.8281"
"4683911","2021","1727","3","0.8281"
"4683912","2021","1728","3","0.8281"
"4708558","2021","1729","3","0.8281"
"4684373","2021","1730","3","0.8281"
"4709776","2021","1731","3","0.8281"
"4684526","2021","1732","3","0.8281"
"4431631","2021","1733","3","0.8281"
"4684387","2021","1734","3","0.8281"
"4709652","2021","1735","3","0.8281"
"4714019","2021","1736","3","0.8281"
"5081769","2021","1737","3","0.8281"
"","2021","1738","3","0.8281"
"4693393","2021","1739","3","0.8281"
"4892106","2021","1740","3","0.8281"
"4694148","2021","1741","3","0.828"
"4686692","2021","1742","3","0.828"
"4713275","2021","1743","3","0.828"
"4688595","2021","1744","3","0.8277"
"","2021","1745","3","0.8276"
"","2021","1746","3","0.8276"
"4700609","2021","1747","3","0.8276"
"4686032","2021","1748","3","0.8273"
"","2021","1749","3","0.8273"
"4682914","2021","1750","3","0.8272"
"","2021","1751","3","0.827"
"4682780","2021","1752","3","0.8269"
"4683137","2021","1753","3","0.8269"
"4684977","2021","1754","3","0.8268"
"5082475","2021","1755","3","0.8268"
"4710635","2021","1756","3","0.8267"
"4686934","2021","1757","3","0.8266"
"4600410","2021","1758","3","0.8265"
"","2021","1759","3","0.8265"
"","2021","1760","3","0.8265"
"5084765","2021","1761","3","0.8265"
"","2021","1762","3","0.8265"
"","2021","1763","3","0.8265"
"","2021","1764","3","0.8265"
"","2021","1765","3","0.8265"
"","2021","1766","3","0.8265"
"4879312","2021","1767","3","0.8265"
"","2021","1768","3","0.8265"
"","2021","1769","3","0.8265"
"","2021","1770","3","0.8265"
"","2021","1771","3","0.8265"
"4708105","2021","1772","3","0.8265"
"4258419","2021","1773","3","0.8262"
"4682648","2021","1774","3","0.8262"
"","2021","1775","3","0.8261"
"","2021","1775","3","0.8262"
"4691317","2021","1777","3","0.8261"
"4682698","2021","1778","3","0.8261"
"4710001","2021","1779","3","0.8261"
"4684469","2021","1780","3","0.8261"
"4688835","2021","1781","3","0.8261"
"","2021","1782","3","0.8261"
"4684533","2021","1783","3","0.8261"
"4679958","2021","1784","3","0.8261"
"","2021","1785","3","0.8261"
"","2021","1786","3","0.8261"
"","2021","1787","3","0.8261"
"4684419","2021","1788","3","0.8261"
"4685644","2021","1789","3","0.8261"
"4684973","2021","1790","3","0.8261"
"4684974","2021","1791","3","0.8261"
"4684883","2021","1792","3","0.8261"
"4872974","2021","1793","3","0.8261"
"4431644","2021","1794","3","0.8261"
"4709774","2021","1795","3","0.8261"
"4705595","2021","1796","3","0.8261"
"4711408","2021","1797","3","0.8261"
"4612845","2021","1798","3","0.8256"
"4872978","2021","1799","3","0.8256"
"4682982","2021","1800","3","0.8256"
"4708163","2021","1801","3","0.8255"
"","2021","1802","3","0.8255"
"","2021","1803","3","0.8255"
"4714242","2021","1804","3","0.8254"
"","2021","1805","3","0.8254"
"4879453","2021","1806","3","0.8254"
"4683266","2021","1807","3","0.8253"
"","2021","1808","3","0.8253"
"4711686","2021","1809","3","0.8253"
"4877875","2021","1810","3","0.8251"
"4432740","2021","1811","3","0.8251"
"","2021","1812","3","0.8249"
"4590562","2021","1813","3","0.8248"
"5092198","2021","1814","3","0.8248"
"4710859","2021","1815","3","0.8248"
"4683255","2021","1816","3","0.8248"
"4432798","2021","1817","3","0.8248"
"","2021","1818","3","0.8248"
"","2021","1819","3","0.8248"
"4683721","2021","1820","3","0.8248"
"4684139","2021","1821","3","0.8248"
"4682822","2021","1822","3","0.8248"
"4700135","2021","1823","3","0.8248"
"","2021","1824","3","0.8248"
"","2021","1825","3","0.8247"
"4683508","2021","1826","3","0.8247"
"","2021","1827","3","0.8247"
"4684970","2021","1828","3","0.8247"
"4683727","2021","1829","3","0.8247"
"4682525","2021","1830","3","0.8247"
"4912241","2021","1831","3","0.8247"
"4709970","2021","1832","3","0.8247"
"4685829","2021","1833","3","0.8243"
"4587719","2021","1834","3","0.8242"
"4683208","2021","1835","3","0.8241"
"4694150","2021","1836","3","0.8241"
"4684534","2021","1837","3","0.8241"
"4708068","2021","1838","3","0.8241"
"","2021","1839","3","0.8241"
"","2021","1840","3","0.8241"
"","2021","1841","3","0.824"
"4683275","2021","1842","3","0.824"
"","2021","1843","3","0.8235"
"4691965","2021","1844","3","0.8235"
"4685132","2021","1845","3","0.8235"
"4684082","2021","1846","3","0.8234"
"4700134","2021","1847","3","0.8234"
"4683164","2021","1848","3","0.8234"
"4684070","2021","1849","3","0.8234"
"","2021","1850","3","0.8234"
"5081515","2021","1851","3","0.8234"
"4683983","2021","1852","3","0.8228"
"4709673","2021","1853","3","0.8227"
"4602785","2021","1854","3","0.8227"
"","2021","1855","3","0.8227"
"","2021","1856","3","0.8227"
"","2021","1857","3","0.8227"
"","2021","1858","3","0.8227"
"4603195","2021","1859","3","0.8227"
"4872942","2021","1860","3","0.8227"
"4709997","2021","1861","3","0.8227"
"4683564","2021","1862","3","0.8227"
"4682924","2021","1863","3","0.8227"
"4682651","2021","1864","3","0.8227"
"4683052","2021","1865","3","0.8227"
"4683292","2021","1866","3","0.8227"
"4683104","2021","1867","3","0.8227"
"","2021","1868","3","0.8227"
"4683309","2021","1869","3","0.8227"
"4683889","2021","1870","3","0.8227"
"4683720","2021","1871","3","0.8227"
"4683344","2021","1872","3","0.8227"
"4687374","2021","1873","3","0.8227"
"","2021","1874","3","0.8227"
"4683175","2021","1875","3","0.8227"
"4711115","2021","1876","3","0.8227"
"4713655","2021","1877","3","0.8226"
"","2021","1878","3","0.8225"
"","2021","1879","3","0.8225"
"5081552","2021","1880","3","0.8225"
"4686731","2021","1881","3","0.8222"
"4875877","2021","1882","3","0.8221"
"4594447","2021","1883","3","0.8221"
"4683283","2021","1884","3","0.8221"
"4875419","2021","1885","3","0.8221"
"4691369","2021","1886","3","0.822"
"4880167","2021","1887","3","0.822"
"4683647","2021","1888","3","0.8219"
"4875090","2021","1889","3","0.8219"
"","2021","1890","3","0.8217"
"4683259","2021","1891","3","0.8217"
"4683852","2021","1892","3","0.8216"
"","2021","1893","3","0.8215"
"","2021","1894","3","0.8215"
"4877543","2021","1895","3","0.8215"
"4432780","2021","1896","3","0.8215"
"4877023","2021","1897","3","0.8215"
"","2021","1898","3","0.8215"
"","2021","1899","3","0.8215"
"","2021","1900","3","0.8215"
"","2021","1901","3","0.8215"
"4683472","2021","1902","3","0.8214"
"4683278","2021","1903","3","0.8214"
"4683044","2021","1904","3","0.8214"
"4683003","2021","1905","3","0.8214"
"4683885","2021","1906","3","0.8214"
"4709685","2021","1907","3","0.8214"
"4890184","2021","1908","3","0.8214"
"","2021","1909","3","0.8214"
"4683223","2021","1910","3","0.8213"
"4432800","2021","1911","3","0.8213"
"4713657","2021","1912","3","0.8213"
"4687706","2021","1913","3","0.8213"
"4684964","2021","1914","3","0.8212"
"4689249","2021","1915","3","0.8209"
"","2021","1916","3","0.8208"
"","2021","1917","3","0.8208"
"4603191","2021","1918","3","0.8207"
"4709800","2021","1918","3","0.8206"
"4682687","2021","1919","3","0.8207"
"4687396","2021","1920","3","0.8207"
"","2021","1921","3","0.8207"
"4709985","2021","1922","3","0.8207"
"4684878","2021","1923","3","0.8207"
"4709012","2021","1924","3","0.8206"
"4683321","2021","1925","3","0.8206"
"4709800","2021","1926","3","0.8206"
"4710843","2021","1927","3","0.8206"
"4710783","2021","1928","3","0.8206"
"4686151","2021","1929","3","0.8206"
"4686657","2021","1930","3","0.8206"
"4710804","2021","1931","3","0.8204"
"","2021","1932","3","0.8204"
"5081551","2021","1933","3","0.8204"
"","2021","1934","3","0.8204"
"4710848","2021","1935","3","0.8204"
"4878263","2021","1936","3","0.8204"
"","2021","1937","3","0.8204"
"4709980","2021","1938","3","0.8204"
"","2021","1939","3","0.8204"
"","2021","1940","3","0.8204"
"","2021","1941","3","0.8204"
"4710714","2021","1942","3","0.8204"
"","2021","1943","3","0.8202"
"4684638","2021","1944","3","0.8202"
"4912248","2021","1945","3","0.8202"
"4683122","2021","1946","3","0.8202"
"4698883","2021","1947","3","0.8201"
"4685825","2021","1948","3","0.82"
"4682763","2021","1949","3","0.8199"
"4705927","2021","1950","3","0.8197"
"4705855","2021","1951","3","0.8197"
"","2021","1952","3","0.8197"
"4683589","2021","1953","3","0.8195"
"","2021","1954","3","0.8195"
"4686368","2021","1955","3","0.8194"
"4691043","2021","1956","3","0.8194"
"4685230","2021","1957","3","0.8194"
"","2021","1958","3","0.8194"
"4592872","2021","1959","3","0.8194"
"4684676","2021","1960","3","0.8193"
"4684068","2021","1961","3","0.8193"
"","2021","1962","3","0.8193"
"","2021","1963","3","0.8193"
"4875609","2021","1964","3","0.8193"
"4709847","2021","1965","3","0.8193"
"4712465","2021","1966","3","0.8192"
"4698771","2021","1967","3","0.8192"
"4710842","2021","1968","3","0.8192"
"4686997","2021","1969","3","0.8189"
"4687325","2021","1970","3","0.8189"
"4709661","2021","1971","3","0.8188"
"4684701","2021","1972","3","0.8188"
"4688563","2021","1973","3","0.8188"
"4683832","2021","1974","3","0.8186"
"4694151","2021","1975","3","0.8186"
"4689354","2021","1976","3","0.8185"
"","2021","1977","3","0.8185"
"4696500","2021","1978","3","0.8181"
"4683179","2021","1979","3","0.8181"
"","2021","1980","3","0.8181"
"4710789","2021","1981","3","0.8181"
"","2021","1982","3","0.8175"
"","2021","1983","3","0.8175"
"","2021","1984","3","0.8175"
"4705851","2021","1985","3","0.8175"
"4682823","2021","1986","3","0.8174"
"4612211","2021","1987","3","0.8174"
"","2021","1988","3","0.8173"
"4686369","2021","1989","3","0.8173"
"4683424","2021","1990","3","0.8173"
"4683470","2021","1991","3","0.8173"
"4684080","2021","1992","3","0.8173"
"4683050","2021","1993","3","0.8173"
"4683180","2021","1994","3","0.8173"
"","2021","1995","3","0.8173"
"","2021","1996","3","0.8173"
"","2021","1997","3","0.8173"
"4686563","2021","1998","3","0.8173"
"4683627","2021","1999","3","0.8173"
"4683565","2021","2000","3","0.8173"
"4709975","2021","2001","3","0.8173"
"","2021","2002","3","0.8173"
"4688553","2021","2003","3","0.8173"
"","2021","2004","3","0.8173"
"","2021","2005","3","0.8173"
"4686071","2021","2006","3","0.8173"
"4709974","2021","2007","3","0.8173"
"4683539","2021","2008","3","0.8168"
"4683851","2021","2009","3","0.8168"
"","2021","2010","3","0.8168"
"4687091","2021","2011","3","0.8168"
"4686943","2021","2012","3","0.8168"
"","2021","2013","3","0.8168"
"4710741","2021","2014","3","0.8168"
"4685781","2021","2015","3","0.8167"
"4684390","2021","2016","3","0.8167"
"4710713","2021","2017","3","0.8166"
"4612560","2021","2018","3","0.8166"
"4684978","2021","2019","3","0.8165"
"","2021","2020","3","0.8165"
"","2021","2021","3","0.8165"
"","2021","2022","3","0.8165"
"4875319","2021","2023","3","0.8165"
"","2021","2024","3","0.8165"
"","2021","2025","3","0.8165"
"4682621","2021","2026","3","0.8165"
"","2021","2027","3","0.8165"
"4685793","2021","2028","3","0.8165"
"","2021","2029","3","0.8164"
"4877824","2021","2030","3","0.8164"
"4877499","2021","2031","3","0.8164"
"","2021","2032","3","0.8164"
"","2021","2033","3","0.816"
"","2021","2034","3","0.816"
"4709798","2021","2035","3","0.816"
"4709809","2021","2036","3","0.816"
"","2021","2037","3","0.816"
"","2021","2038","3","0.816"
"4686154","2021","2039","3","0.8159"
"4684965","2021","2040","3","0.8159"
"4682619","2021","2041","3","0.8159"
"4709665","2021","2042","3","0.8159"
"4710012","2021","2043","3","0.8159"
"","2021","2044","3","0.8159"
"4714256","2021","2045","3","0.8154"
"4692859","2021","2046","3","0.8154"
"4698184","2021","2047","3","0.8154"
"","2021","2048","3","0.8154"
"4878871","2021","2049","3","0.8154"
"","2021","2050","3","0.8154"
"4710679","2021","2051","3","0.8154"
"","2021","2052","3","0.8154"
"4713276","2021","2053","3","0.8154"
"","2021","2054","3","0.8154"
"4887689","2021","2055","3","0.8154"
"","2021","2056","3","0.8154"
"","2021","2057","3","0.8154"
"","2021","2058","3","0.8153"
"","2021","2059","3","0.8153"
"4683308","2021","2060","3","0.8153"
"4710019","2021","2061","3","0.8153"
"4709810","2021","2062","3","0.8153"
"4709783","2021","2063","3","0.8153"
"4698180","2021","2064","3","0.8153"
"4701307","2021","2065","3","0.8152"
"4683362","2021","2066","3","0.8152"
"4875600","2021","2067","3","0.8152"
"","2021","2068","3","0.8152"
"4709787","2021","2069","3","0.8152"
"","2021","2070","3","0.815"
"","2021","2071","3","0.8147"
"4683254","2021","2072","3","0.8147"
"4708164","2021","2073","3","0.8146"
"4682904","2021","2074","3","0.8146"
"5082144","2021","2075","3","0.8143"
"4875807","2021","2076","3","0.8142"
"","2021","2077","3","0.8139"
"","2021","2078","3","0.8139"
"4875598","2021","2079","3","0.8139"
"4612188","2021","2080","3","0.8139"
"4683233","2021","2081","3","0.8139"
"4683221","2021","2082","3","0.8139"
"4683802","2021","2083","3","0.8139"
"4710021","2021","2084","3","0.8139"
"","2021","2085","3","0.8139"
"4687675","2021","2086","3","0.8139"
"4683170","2021","2087","3","0.8139"
"","2021","2088","3","0.8139"
"4683011","2021","2089","3","0.8139"
"4683268","2021","2090","3","0.8139"
"4683337","2021","2091","3","0.8139"
"4683917","2021","2092","3","0.8139"
"4710007","2021","2093","3","0.8139"
"4708878","2021","2094","3","0.8139"
"4684966","2021","2095","3","0.8139"
"4709984","2021","2096","3","0.8139"
"4705596","2021","2097","3","0.8139"
"4709972","2021","2098","3","0.8139"
"4687355","2021","2099","3","0.8138"
"4711409","2021","2100","3","0.8135"
"4712749","2021","2101","3","0.8135"
"4683348","2021","2102","3","0.8134"
"4602939","2021","2103","3","0.8133"
"4683986","2021","2104","3","0.8133"
"4709667","2021","2105","3","0.8133"
"4705631","2021","2106","3","0.8133"
"5082163","2021","2107","3","0.8132"
"4683112","2021","2108","3","0.8132"
"4709813","2021","2109","3","0.8132"
"4710000","2021","2110","3","0.8132"
"4709983","2021","2111","3","0.8131"
"","2021","2112","3","0.8128"
"4683588","2021","2113","3","0.8127"
"4432801","2021","2114","3","0.8126"
"4687042","2021","2115","3","0.8126"
"4597247","2021","2116","3","0.8126"
"","2021","2117","3","0.8126"
"4709377","2021","2118","3","0.8126"
"5082491","2021","2119","3","0.8126"
"4701175","2021","2120","3","0.8126"
"4876713","2021","2121","3","0.8125"
"","2021","2122","3","0.8123"
"4713659","2021","2123","3","0.8123"
"","2021","2124","3","0.8121"
"4683561","2021","2125","3","0.8118"
"4683960","2021","2126","3","0.8118"
"4683273","2021","2127","3","0.8118"
"4701173","2021","2128","3","0.8118"
"4683545","2021","2129","3","0.8118"
"4683494","2021","2130","3","0.8118"
"4710735","2021","2131","3","0.8118"
"","2021","2132","3","0.8118"
"","2021","2133","3","0.8118"
"4683718","2021","2134","3","0.8118"
"4698183","2021","2135","3","0.8118"
"","2021","2136","3","0.8118"
"4683910","2021","2137","3","0.8118"
"4688609","2021","2138","3","0.8118"
"4688588","2021","2139","3","0.8118"
"","2021","2140","3","0.8118"
"4684329","2021","2141","3","0.8118"
"","2021","2142","3","0.8118"
"4684393","2021","2143","3","0.8118"
"4683828","2021","2144","3","0.8118"
"","2021","2145","3","0.8118"
"","2021","2146","3","0.8118"
"4709804","2021","2147","3","0.8118"
"4686566","2021","2148","3","0.8117"
"4687039","2021","2149","3","0.8115"
"","2021","2150","3","0.8114"
"4883103","2021","2151","3","0.8114"
"","2021","2152","3","0.8114"
"4877831","2021","2153","3","0.8114"
"4878248","2021","2154","3","0.8114"
"","2021","2155","3","0.8114"
"","2021","2156","3","0.8114"
"","2021","2157","3","0.8114"
"","2021","2158","3","0.8114"
"","2021","2159","3","0.8114"
"","2021","2160","3","0.8114"
"","2021","2161","3","0.8114"
"","2021","2162","3","0.8114"
"","2021","2163","3","0.8114"
"","2021","2164","3","0.8114"
"","2021","2165","3","0.8113"
"4687040","2021","2166","3","0.8113"
"4875923","2021","2167","3","0.8113"
"4710634","2021","2168","3","0.8113"
"4709790","2021","2169","3","0.8112"
"4709849","2021","2170","3","0.8112"
"4710772","2021","2171","3","0.8112"
"","2021","2172","3","0.8111"
"4687703","2021","2173","3","0.8111"
"4611330","2021","2174","3","0.8107"
"4710752","2021","2175","3","0.8107"
"4572449","2021","2176","3","0.8106"
"4612607","2021","2177","3","0.8106"
"","2021","2178","3","0.8105"
"4709770","2021","2179","3","0.8105"
"","2021","2180","3","0.8105"
"4683211","2021","2181","3","0.8105"
"","2021","2182","3","0.8104"
"","2021","2183","3","0.8104"
"4876140","2021","2184","3","0.8104"
"","2021","2185","3","0.8104"
"","2021","2186","3","0.8104"
"4887162","2021","2187","3","0.8104"
"","2021","2188","3","0.8104"
"","2021","2189","3","0.8104"
"","2021","2190","3","0.8104"
"","2021","2191","3","0.8104"
"5081557","2021","2192","3","0.8104"
"","2021","2193","3","0.8101"
"4683728","2021","2194","3","0.81"
"4710704","2021","2195","3","0.81"
"4683196","2021","2196","3","0.8099"
"4689193","2021","2197","3","0.8099"
"4682620","2021","2198","3","0.8099"
"","2021","2199","3","0.8099"
"","2021","2200","3","0.8099"
"4682650","2021","2201","3","0.8099"
"4709789","2021","2202","3","0.8093"
"","2021","2203","3","0.8093"
"4876117","2021","2204","3","0.8093"
"","2021","2205","3","0.8092"
"","2021","2206","3","0.8091"
"4705926","2021","2207","3","0.809"
"4699353","2021","2208","3","0.8089"
"4701178","2021","2209","3","0.8087"
"4683583","2021","2210","3","0.8087"
"4682741","2021","2211","3","0.8086"
"4683251","2021","2212","3","0.8086"
"4689691","2021","2213","3","0.8086"
"4708104","2021","2214","3","0.8086"
"4705858","2021","2215","3","0.8085"
"4684083","2021","2216","3","0.8085"
"","2021","2217","3","0.8085"
"4684881","2021","2218","3","0.8085"
"4709805","2021","2219","3","0.8085"
"4687043","2021","2220","3","0.8085"
"","2021","2221","3","0.8085"
"4683108","2021","2222","3","0.8085"
"4602702","2021","2223","3","0.8085"
"4709981","2021","2224","3","0.8085"
"","2021","2225","3","0.8085"
"4682675","2021","2226","3","0.8085"
"4683812","2021","2227","3","0.8085"
"4684278","2021","2228","3","0.8085"
"4687316","2021","2229","3","0.8085"
"5082474","2021","2230","3","0.8085"
"","2021","2231","3","0.8084"
"4702893","2021","2232","3","0.8084"
"","2021","2233","3","0.8084"
"4701542","2021","2234","3","0.8084"
"5085163","2021","2235","3","0.8084"
"4710750","2021","2236","3","0.8084"
"4710774","2021","2237","3","0.8084"
"","2021","2238","3","0.8082"
"4687187","2021","2239","3","0.808"
"4683665","2021","2240","3","0.8079"
"4684960","2021","2241","3","0.8079"
"4684140","2021","2242","3","0.8079"
"4697263","2021","2243","3","0.8079"
"4710022","2021","2244","3","0.8079"
"4709684","2021","2245","3","0.8079"
"4710024","2021","2246","3","0.8079"
"4710742","2021","2247","3","0.8079"
"4683461","2021","2248","3","0.8078"
"4683276","2021","2249","3","0.8074"
"4894114","2021","2250","3","0.8073"
"","2021","2251","3","0.8073"
"4712956","2021","2252","3","0.8072"
"4705000","2021","2253","3","0.8072"
"4880233","2021","2254","3","0.8072"
"4710718","2021","2255","3","0.8072"
"","2021","2256","3","0.8072"
"4431640","2021","2257","3","0.8072"
"4705085","2021","2258","3","0.8066"
"4691368","2021","2259","3","0.8065"
"4683297","2021","2260","3","0.8065"
"4684530","2021","2261","3","0.8065"
"4687704","2021","2262","3","0.8065"
"","2021","2263","3","0.8064"
"","2021","2264","3","0.8064"
"","2021","2265","3","0.8064"
"","2021","2266","3","0.8064"
"","2021","2267","3","0.8064"
"","2021","2268","3","0.8064"
"4685892","2021","2269","3","0.8064"
"4710068","2021","2270","3","0.8064"
"","2021","2271","3","0.8064"
"","2021","2272","3","0.8064"
"4714289","2021","2273","3","0.8064"
"4709803","2021","2274","3","0.8059"
"4709840","2021","2275","3","0.8058"
"4709973","2021","2276","3","0.8058"
"5087331","2021","2277","3","0.8054"
"5082148","2021","2278","3","0.8054"
"4710755","2021","2279","3","0.8054"
"","2021","2280","3","0.8053"
"4878788","2021","2281","3","0.8053"
"","2021","2282","3","0.8053"
"","2021","2283","3","0.8053"
"4876157","2021","2284","3","0.8053"
"4775224","2021","2285","3","0.8053"
"","2021","2286","3","0.8053"
"4879291","2021","2287","3","0.8053"
"4683792","2021","2288","3","0.8053"
"","2021","2289","3","0.8053"
"4700455","2021","2290","3","0.8053"
"4701590","2021","2291","3","0.8053"
"4714293","2021","2292","3","0.8053"
"","2021","2293","3","0.8053"
"4710849","2021","2294","3","0.8053"
"4712321","2021","2295","3","0.8052"
"4683455","2021","2296","3","0.8051"
"4684963","2021","2297","3","0.8051"
"4682521","2021","2298","3","0.8051"
"4683562","2021","2299","3","0.8051"
"","2021","2300","3","0.8037"
"4682628","2021","2300","3","0.8051"
"4599374","2021","2301","3","0.8051"
"4684976","2021","2302","3","0.8051"
"","2021","2303","3","0.8051"
"4683471","2021","2304","3","0.8051"
"4683482","2021","2305","3","0.8051"
"","2021","2306","3","0.8051"
"4682626","2021","2307","3","0.8051"
"4683169","2021","2308","3","0.8051"
"4432796","2021","2309","3","0.8051"
"","2021","2310","3","0.8051"
"4687397","2021","2311","3","0.8051"
"4683250","2021","2312","3","0.8051"
"4682761","2021","2313","3","0.8051"
"4890891","2021","2314","3","0.8051"
"4710717","2021","2315","3","0.8051"
"","2021","2316","3","0.8045"
"4710862","2021","2317","3","0.8045"
"4684216","2021","2318","3","0.8044"
"","2021","2319","3","0.8044"
"4713156","2021","2320","3","0.8044"
"","2021","2321","3","0.8044"
"4683466","2021","2322","3","0.8044"
"4683925","2021","2323","3","0.8044"
"","2021","2324","3","0.8044"
"4683346","2021","2325","3","0.8044"
"4876144","2021","2326","3","0.8043"
"","2021","2327","3","0.8043"
"","2021","2328","3","0.8041"
"4709651","2021","2329","3","0.8041"
"4714341","2021","2330","3","0.8041"
"4684330","2021","2331","3","0.8039"
"","2021","2332","3","0.8038"
"","2021","2333","3","0.8037"
"4709801","2021","2334","3","0.8037"
"","2021","2335","3","0.8034"
"4879653","2021","2336","3","0.8032"
"4683290","2021","2337","3","0.8031"
"4688756","2021","2338","3","0.8031"
"4688839","2021","2339","3","0.8031"
"4708491","2021","2340","3","0.8031"
"","2021","2341","3","0.803"
"4612189","2021","2342","3","0.803"
"","2021","2343","3","0.803"
"4684971","2021","2344","3","0.803"
"4683293","2021","2345","3","0.803"
"","2021","2346","3","0.8028"
"4683457","2021","2347","3","0.8026"
"4682928","2021","2348","3","0.8026"
"4705928","2021","2349","3","0.8026"
"4710790","2021","2350","3","0.8025"
"","2021","2351","3","0.8025"
"4595345","2021","2352","3","0.8025"
"4710017","2021","2353","3","0.8024"
"","2021","2354","3","0.8024"
"","2021","2355","3","0.8024"
"","2021","2356","3","0.8024"
"4700804","2021","2357","3","0.8024"
"4710759","2021","2358","3","0.8024"
"4710838","2021","2359","3","0.8023"
"","2021","2360","3","0.8022"
"","2021","2361","3","0.8022"
"4881352","2021","2362","3","0.8022"
"4710002","2021","2363","3","0.802"
"4685791","2021","2364","3","0.8018"
"4700266","2021","2365","3","0.8018"
"4683107","2021","2366","3","0.8017"
"4682759","2021","2367","3","0.8017"
"4709767","2021","2368","3","0.8017"
"4709806","2021","2369","3","0.8017"
"4710636","2021","2370","3","0.8017"
"4683363","2021","2371","3","0.8017"
"4882113","2021","2372","3","0.8015"
"","2021","2373","3","0.8015"
"","2021","2374","3","0.8014"
"4877782","2021","2375","3","0.8014"
"4709676","2021","2376","3","0.8012"
"4684087","2021","2377","3","0.8012"
"4683921","2021","2378","3","0.8011"
"4875765","2021","2379","3","0.8011"
"4702549","2021","2380","3","0.8011"
"4700141","2021","2381","3","0.8011"
"4683168","2021","2382","3","0.8011"
"","2021","2383","3","0.8004"
"4877818","2021","2384","3","0.8003"
"","2021","2385","3","0.8003"
"","2021","2386","3","0.8003"
"","2021","2387","3","0.8003"
"","2021","2388","3","0.8003"
"","2021","2389","3","0.8003"
"","2021","2390","3","0.8003"
"","2021","2391","3","0.8003"
"","2021","2392","3","0.8003"
"","2021","2393","3","0.8003"
"","2021","2394","3","0.8003"
"","2021","2395","3","0.8003"
"4709998","2021","2396","3","0.8003"
"4687038","2021","2397","3","0.8003"
"5081559","2021","2398","3","0.8003"
"","2021","2399","3","0.8003"
"4710818","2021","2400","3","0.8003"
"","2021","2401","3","0.8003"
"","2021","2402","3","0.8003"
"","2021","2403","3","0.8003"
"","2021","2404","3","0.8003"
"","2021","2405","3","0.8003"
"4682654","2021","2406","3","0.8003"
"5081507","2021","2407","3","0.8003"
"4684703","2021","2408","3","0.7999"
"4710779","2021","2409","3","0.7999"
"4690482","2021","2410","3","0.7997"
"4683294","2021","2411","3","0.7996"
"4686655","2021","2412","3","0.7996"
"","2021","2413","3","0.7996"
"4710400","2021","2414","3","0.7996"
"","2021","2415","3","0.7993"
"4878277","2021","2416","3","0.7993"
"","2021","2417","3","0.7993"
"5082173","2021","2418","3","0.7993"
"4431658","2021","2419","3","0.7992"
"","2021","2420","3","0.7991"
"","2021","2421","3","0.7991"
"","2021","2422","3","0.7991"
"","2021","2423","3","0.7991"
"4685233","2021","2424","3","0.7991"
"","2021","2425","3","0.7991"
"4709664","2021","2426","3","0.7991"
"4710860","2021","2427","3","0.7991"
"4709781","2021","2428","3","0.799"
"4683130","2021","2429","3","0.799"
"4682627","2021","2430","3","0.799"
"4684434","2021","2431","3","0.799"
"4705560","2021","2432","3","0.799"
"4643646","2021","2433","3","0.7986"
"4683967","2021","2434","3","0.7986"
"4683849","2021","2435","3","0.7986"
"","2021","2436","3","0.7982"
"","2021","2437","3","0.798"
"4688596","2021","2438","3","0.7977"
"4709777","2021","2439","3","0.7977"
"4890892","2021","2440","3","0.7977"
"","2021","2441","3","0.7972"
"4713648","2021","2442","3","0.7972"
"4684541","2021","2443","3","0.797"
"4683571","2021","2444","3","0.797"
"4702546","2021","2445","3","0.797"
"5084126","2021","2446","3","0.797"
"4687395","2021","2447","3","0.797"
"4686078","2021","2448","3","0.797"
"4710840","2021","2449","3","0.797"
"4687535","2021","2450","3","0.797"
"","2021","2451","2","0.7942"
"","2021","2451","3","0.797"
"4705934","2021","2452","3","0.797"
"4701768","2021","2453","3","0.797"
"4603750","2021","2454","3","0.797"
"4709796","2021","2455","3","0.7969"
"4683220","2021","2456","2","0.7965"
"4682981","2021","2457","2","0.7965"
"4912159","2021","2458","2","0.7965"
"","2021","2459","2","0.7964"
"4691591","2021","2460","2","0.7963"
"4710738","2021","2461","2","0.7957"
"4685889","2021","2462","2","0.7957"
"","2021","2463","2","0.7957"
"4683253","2021","2464","2","0.7956"
"4710816","2021","2465","2","0.7956"
"4879950","2021","2466","2","0.7956"
"4686034","2021","2467","2","0.7956"
"4709978","2021","2468","2","0.7956"
"4710672","2021","2469","2","0.7956"
"","2021","2470","2","0.7953"
"","2021","2471","2","0.7953"
"","2021","2472","2","0.7953"
"4879573","2021","2473","2","0.7953"
"","2021","2474","2","0.7953"
"4876763","2021","2475","2","0.7953"
"","2021","2476","2","0.7953"
"","2021","2477","2","0.7953"
"","2021","2478","2","0.7953"
"5082146","2021","2479","2","0.7953"
"","2021","2480","2","0.7953"
"","2021","2481","2","0.7953"
"4684541","2021","2481","2","0.7903"
"","2021","2482","2","0.7953"
"","2021","2483","2","0.7953"
"4907788","2021","2484","2","0.7953"
"5082150","2021","2485","2","0.7953"
"","2021","2486","2","0.7953"
"","2021","2487","2","0.7953"
"","2021","2488","2","0.7953"
"5082191","2021","2489","2","0.7953"
"","2021","2490","2","0.7953"
"4878811","2021","2491","2","0.7953"
"5082143","2021","2492","2","0.7953"
"","2021","2493","2","0.7953"
"4873437","2021","2494","2","0.7952"
"4710853","2021","2495","2","0.7949"
"","2021","2496","2","0.7945"
"4687092","2021","2497","2","0.7944"
"","2021","2498","2","0.7943"
"4684181","2021","2499","2","0.7943"
"4682819","2021","2500","2","0.7943"
"4706680","2021","2501","2","0.7943"
"4684884","2021","2502","2","0.7943"
"4876150","2021","2503","2","0.7942"
"","2021","2504","2","0.7942"
"","2021","2505","2","0.7942"
"","2021","2506","2","0.7942"
"5082151","2021","2507","2","0.7942"
"4876250","2021","2508","2","0.7942"
"","2021","2509","2","0.7942"
"","2021","2510","2","0.7942"
"4710011","2021","2511","2","0.794"
"4708970","2021","2512","2","0.794"
"4710015","2021","2513","2","0.7936"
"4683229","2021","2514","2","0.7936"
"4683347","2021","2515","2","0.7936"
"4709672","2021","2516","2","0.7936"
"4709662","2021","2517","2","0.7936"
"","2021","2518","2","0.7936"
"4710751","2021","2519","2","0.7936"
"","2021","2520","2","0.7936"
"","2021","2521","2","0.7932"
"4708847","2021","2521","2","0.7934"
"4876498","2021","2522","2","0.7932"
"4876352","2021","2523","2","0.7932"
"","2021","2524","2","0.7932"
"","2021","2525","2","0.7932"
"4876127","2021","2526","2","0.7932"
"5084119","2021","2527","2","0.7932"
"","2021","2528","2","0.7932"
"4686658","2021","2529","2","0.7924"
"","2021","2530","2","0.7924"
"5082332","2021","2531","2","0.7922"
"4688564","2021","2532","2","0.7922"
"","2021","2533","2","0.7916"
"","2021","2534","2","0.7913"
"","2021","2535","2","0.7913"
"4705856","2021","2536","2","0.7911"
"4684072","2021","2537","2","0.7909"
"","2021","2538","2","0.7908"
"4691041","2021","2539","2","0.7903"
"4686741","2021","2540","2","0.7903"
"4683210","2021","2541","2","0.7903"
"4912328","2021","2542","2","0.7903"
"4708240","2021","2543","2","0.7903"
"4709694","2021","2544","2","0.7903"
"4710782","2021","2545","2","0.7903"
"4710762","2021","2546","2","0.7903"
"","2021","2547","2","0.7903"
"4871707","2021","2548","2","0.7902"
"4876708","2021","2549","2","0.7902"
"5087324","2021","2550","2","0.7902"
"4876600","2021","2551","2","0.7902"
"","2021","2552","2","0.7902"
"4878822","2021","2553","2","0.7902"
"5082153","2021","2554","2","0.7902"
"","2021","2555","2","0.7902"
"","2021","2556","2","0.7902"
"","2021","2557","2","0.7902"
"4709802","2021","2558","2","0.7901"
"4692893","2021","2559","2","0.7898"
"4683623","2021","2560","2","0.7897"
"4685827","2021","2561","2","0.7897"
"","2021","2562","2","0.7892"
"4876643","2021","2563","2","0.7892"
"","2021","2564","2","0.7892"
"4876358","2021","2565","2","0.7892"
"","2021","2566","2","0.7892"
"","2021","2567","2","0.7892"
"","2021","2568","2","0.7892"
"4880709","2021","2569","2","0.7892"
"4705930","2021","2570","2","0.789"
"4710851","2021","2571","2","0.7889"
"4701769","2021","2572","2","0.7889"
"4683295","2021","2573","2","0.7889"
"4709660","2021","2574","2","0.7882"
"4709771","2021","2575","2","0.7882"
"4686363","2021","2576","2","0.7882"
"4696540","2021","2577","2","0.7882"
"4876310","2021","2578","2","0.7881"
"4876220","2021","2579","2","0.7881"
"","2021","2580","2","0.7881"
"4876125","2021","2581","2","0.7881"
"5085142","2021","2582","2","0.7881"
"4612827","2021","2583","2","0.7876"
"4710764","2021","2584","2","0.7875"
"","2021","2585","2","0.7871"
"4876695","2021","2586","2","0.7869"
"","2021","2587","2","0.7869"
"","2021","2588","2","0.7868"
"","2021","2589","2","0.7863"
"","2021","2590","2","0.7863"
"","2021","2591","2","0.7863"
"4683213","2021","2592","2","0.7861"
"4892327","2021","2593","2","0.7855"
"","2021","2594","2","0.7852"
"","2021","2595","2","0.7852"
"","2021","2596","2","0.7852"
"5082118","2021","2597","2","0.7852"
"","2021","2598","2","0.7852"
"4880697","2021","2599","2","0.7852"
"4691316","2021","2600","2","0.7844"
"4880698","2021","2601","2","0.7842"
"5082142","2021","2602","2","0.7842"
"","2021","2603","2","0.7842"
"4876133","2021","2604","2","0.7842"
"","2021","2605","2","0.7842"
"","2021","2606","2","0.7842"
"","2021","2607","2","0.7842"
"","2021","2608","2","0.7841"
"4876014","2021","2609","2","0.7841"
"","2021","2610","2","0.7841"
"","2021","2611","2","0.7841"
"4917436","2021","2612","2","0.7835"
"4710655","2021","2613","2","0.7834"
"4876466","2021","2614","2","0.7831"
"","2021","2615","2","0.7831"
"","2021","2616","2","0.7831"
"5085140","2021","2617","2","0.7831"
"","2021","2618","2","0.7831"
"4876362","2021","2619","2","0.7831"
"4876279","2021","2620","2","0.7831"
"5083186","2021","2621","2","0.7831"
"4880674","2021","2622","2","0.7831"
"4876249","2021","2623","2","0.7831"
"4876160","2021","2624","2","0.7831"
"","2021","2625","2","0.7831"
"","2021","2626","2","0.7831"
"","2021","2627","2","0.7831"
"4873004","2021","2628","2","0.7831"
"4711114","2021","2629","2","0.783"
"4917427","2021","2630","2","0.7829"
"4709782","2021","2631","2","0.7827"
"4709659","2021","2632","2","0.7827"
"4709807","2021","2633","2","0.7822"
"","2021","2634","2","0.7802"
"4677307","2021","2635","2","0.7801"
"4684882","2021","2636","2","0.7791"
"4880708","2021","2637","2","0.7791"
"","2021","2638","2","0.7791"
"","2021","2639","2","0.7791"
"","2021","2640","2","0.7791"
"","2021","2641","2","0.7791"
"5082140","2021","2642","2","0.7791"
"","2021","2643","2","0.7791"
"4689194","2021","2644","2","0.7781"
"5081516","2021","2645","2","0.7781"
"","2021","2646","2","0.7781"
"4876224","2021","2647","2","0.7781"
"","2021","2648","2","0.7781"
"5081561","2021","2649","2","0.7781"
"","2021","2650","2","0.7781"
"","2021","2651","2","0.7781"
"","2021","2652","2","0.7781"
"","2021","2653","2","0.7781"
"","2021","2654","2","0.7781"
"","2021","2655","2","0.7781"
"4883137","2021","2656","2","0.7781"
"","2021","2657","2","0.7781"
"","2021","2658","2","0.7781"
"5081521","2021","2659","2","0.7781"
"","2021","2660","2","0.7781"
"","2021","2661","2","0.7781"
"4878239","2021","2662","2","0.7781"
"4710728","2021","2663","2","0.7781"
"","2021","2664","2","0.7781"
"","2021","2665","2","0.7763"
"4709788","2021","2666","2","0.7755"
"","2021","2667","2","0.7741"
"","2021","2668","2","0.7741"
"","2021","2669","2","0.7741"
"4714376","2021","2670","2","0.7733"
"4876364","2021","2671","2","0.7731"
"","2021","2672","2","0.7731"
"","2021","2673","2","0.7731"
"4876315","2021","2674","2","0.7731"
"","2021","2675","2","0.7731"
"","2021","2676","2","0.7731"
"4876356","2021","2677","2","0.7731"
"4890380","2021","2678","2","0.7731"
"","2021","2679","2","0.7731"
"4876199","2021","2680","2","0.773"
"","2021","2681","2","0.773"
"","2021","2682","2","0.773"
"","2021","2683","2","0.773"
"4775237","2021","2684","2","0.773"
"","2021","2685","2","0.773"
"5081541","2021","2686","2","0.773"
"4876472","2021","2687","2","0.773"
"4710854","2021","2688","2","0.773"
"4879948","2021","2689","2","0.773"
"4710811","2021","2690","2","0.773"
"","2021","2691","2","0.7721"
"5082165","2021","2692","2","0.7691"
"","2021","2693","2","0.7691"
"4714418","2021","2694","2","0.7683"
"5085137","2021","2695","2","0.768"
"","2021","2696","2","0.768"
"","2021","2697","2","0.768"
"4876544","2021","2698","2","0.768"
"4879914","2021","2699","2","0.768"
"","2021","2700","2","0.768"
"","2021","2701","2","0.768"
"5082154","2021","2702","2","0.768"
"","2021","2703","2","0.768"
"4710850","2021","2704","2","0.763"
"4710758","2021","2705","2","0.763"
"5081533","2021","2706","2","0.763"
"","2021","2707","2","0.758"
"","2021","2708","2","0.758"
"4877589","2021","2709","2","0.758"
"","2021","2710","2","0.7552"
"","2021","2711","2","0.753"
"4710798","2021","2712","2","0.753"
"4714425","2021","2713","2","0.753"
"4714421","2021","2714","2","0.753"
"5082120","2021","2715","2","0.7491"
"4887438","2021","2716","2","0.7441"
