,Season,PlayerId,Player,Position,Team,Conference,Usage Overall,Usage Pass,Usage Rush,Usage FirstDown,Usage SecondDown,Usage ThirdDown,Usage StandardDowns,Usage PassingDowns,ATT,AVG,CAR,COMPLETIONS,FGA,FGM,FUM,INT,In 20,LONG,LOST,NO,PCT,PD,PTS,QB HUR,REC,SACKS,SOLO,TB,TD,TFL,TOT,XPA,XPM,YDS,YPA,YPC,YPP,YPR,Weight,Height,Jersey,Year,Home City,Home State,Home Country,Home Latitude,Home Longitude,Home County Fips,Recruit Ids,TeamId,Division,ExpectedWins,Total Games,Total Wins,Total Losses,Total Ties,ConferenceGames Games,ConferenceGames Wins,ConferenceGames Losses,ConferenceGames Ties,HomeGames Games,HomeGames Wins,HomeGames Losses,HomeGames Ties,AwayGames Games,AwayGames Wins,AwayGames Losses,AwayGames Ties,Team firstDowns,Team fourthDownConversions,Team fourthDowns,Team fumblesLost,Team fumblesRecovered,Team games,Team interceptionTDs,Team interceptionYards,Team interceptions,Team kickReturnTDs,Team kickReturnYards,Team kickReturns,Team netPassingYards,Team passAttempts,Team passCompletions,Team passesIntercepted,Team passingTDs,Team penalties,Team penaltyYards,Team possessionTime,Team puntReturnTDs,Team puntReturnYards,Team puntReturns,Team rushingAttempts,Team rushingTDs,Team rushingYards,Team sacks,Team tacklesForLoss,Team thirdDownConversions,Team thirdDowns,Team totalYards,Team turnovers,Stars,Transfer_Portal
0,2022,4372579,A.J. Abbott,WR,Western Michigan,MAC,0.0122,0.0265,0.0,0.0099,0.008,0.018,0.013,0.014,,,,,,,,,,31.0,,,,0.0,,0.0,5.0,0.0,1.0,,1.0,0.0,1.0,,,61.0,,,,12.2,,,,,,,,,,,,2711,West,4.3,12,5,7,0,8,4,4,0,6,2,4,0,6,3,3,0,199,13,27,8,16,12,2,180,13,1,664,34,1988,335,167,11,10,80,755,21911,0,47,10,465,14,1635,31,80,58,185,3623,21,,No
1,2022,4565361,Anthony Sambucci,WR,Western Michigan,MAC,0.0448,0.0973,0.0,0.0397,0.046,0.047,0.039,0.052,1.0,5.0,,1.0,,,,0.0,,55.0,,3.0,1.0,0.0,,0.0,20.0,0.0,4.0,,2.0,0.0,5.0,,,322.0,31.0,,,13.8,,,,,,,,,,,,2711,West,4.3,12,5,7,0,8,4,4,0,6,2,4,0,6,3,3,0,199,13,27,8,16,12,2,180,13,1,664,34,1988,335,167,11,10,80,755,21911,0,47,10,465,14,1635,31,80,58,185,3623,21,,No
2,2022,4880449,Blake Bosma,TE,Western Michigan,MAC,0.0312,0.0678,0.0,0.0199,0.038,0.047,0.033,0.042,,,,,,,,,,38.0,,,,,,,20.0,,,,1.0,,,,,145.0,,,,7.3,,,,,,,,,,,,2711,West,4.3,12,5,7,0,8,4,4,0,6,2,4,0,6,3,3,0,199,13,27,8,16,12,2,180,13,1,664,34,1988,335,167,11,10,80,755,21911,0,47,10,465,14,1635,31,80,58,185,3623,21,,No
3,2022,4429479,Corey Crooms,WR,Western Michigan,MAC,0.1208,0.2596,0.0026,0.1225,0.118,0.123,0.099,0.128,,,2.0,,,,0.0,,,75.0,0.0,,,0.0,,0.0,59.0,0.0,2.0,,5.0,0.0,2.0,,,809.0,,-2.5,,14.3,,,,,,,,,,,,2711,West,4.3,12,5,7,0,8,4,4,0,6,2,4,0,6,3,3,0,199,13,27,8,16,12,2,180,13,1,664,34,1988,335,167,11,10,80,755,21911,0,47,10,465,14,1635,31,80,58,185,3623,21,3.0,Yes
4,2022,4430699,Jack Salopek,QB,Western Michigan,MAC,0.3582,0.6755,0.0911,0.3113,0.345,0.456,0.289,0.439,212.0,,58.0,104.0,,,4.0,11.0,,61.0,2.0,,0.491,,,,0.0,,,,8.0,,,,,1337.0,6.1,0.9,,,,,,,,,,,,,,2711,West,4.3,12,5,7,0,8,4,4,0,6,2,4,0,6,3,3,0,199,13,27,8,16,12,2,180,13,1,664,34,1988,335,167,11,10,80,755,21911,0,47,10,465,14,1635,31,80,58,185,3623,21,,No
5,2022,5085006,Jalen Buckley,RB,Western Michigan,MAC,0.0109,0.0,0.0208,0.0166,0.008,0.006,0.0,0.01,,,9.0,,,,,,,11.0,,,,,,,,,,,0.0,,,,,27.0,,3.0,,,,,,,,,,,,,,2711,West,4.3,12,5,7,0,8,4,4,0,6,2,4,0,6,3,3,0,199,13,27,8,16,12,2,180,13,1,664,34,1988,335,167,11,10,80,755,21911,0,47,10,465,14,1635,31,80,58,185,3623,21,,No
6,2022,4360225,Jehlani Galloway,WR,Western Michigan,MAC,0.0611,0.1327,0.0,0.0464,0.076,0.07,0.053,0.08,,,,,,,,,,34.0,,,,,,,28.0,,,,0.0,,,,,344.0,,,,12.3,,,,,,,,,,,,2711,West,4.3,12,5,7,0,8,4,4,0,6,2,4,0,6,3,3,0,199,13,27,8,16,12,2,180,13,1,664,34,1988,335,167,11,10,80,755,21911,0,47,10,465,14,1635,31,80,58,185,3623,21,,No
7,2022,4250162,Josh Burgett,TE,Western Michigan,MAC,0.0054,0.0118,0.0,0.0033,0.013,0.0,0.013,0.007,,0.0,,,,,,,,21.0,,1.0,,,,,4.0,,,,1.0,,,,,48.0,,,,12.0,,,,,,,,,,,,2711,West,4.3,12,5,7,0,8,4,4,0,6,2,4,0,6,3,3,0,199,13,27,8,16,12,2,180,13,1,664,34,1988,335,167,11,10,80,755,21911,0,47,10,465,14,1635,31,80,58,185,3623,21,,No
8,2022,4432367,Kaevion Mack,WR,Western Michigan,MAC,0.0027,0.0059,0.0,0.0033,0.004,0.0,0.007,0.0,,,,,,,,,,12.0,,,,,,,2.0,,,,0.0,,,,,21.0,,,,10.5,,,,,,,,,,,,2711,West,4.3,12,5,7,0,8,4,4,0,6,2,4,0,6,3,3,0,199,13,27,8,16,12,2,180,13,1,664,34,1988,335,167,11,10,80,755,21911,0,47,10,465,14,1635,31,80,58,185,3623,21,,No
9,2022,4382468,La'Darius Jefferson,RB,Western Michigan,MAC,0.095,0.0324,0.1536,0.1258,0.101,0.035,0.125,0.055,,,56.0,,,,,,,42.0,,,,,,,5.0,,,,5.0,,,,,290.0,,4.2,,11.0,,,,,,,,,,,,2711,West,4.3,12,5,7,0,8,4,4,0,6,2,4,0,6,3,3,0,199,13,27,8,16,12,2,180,13,1,664,34,1988,335,167,11,10,80,755,21911,0,47,10,465,14,1635,31,80,58,185,3623,21,,No
10,2022,4710744,Malique Dieudonne,WR,Western Michigan,MAC,0.0136,0.0295,0.0,0.0199,0.004,0.018,0.007,0.01,,,,,,,,,,28.0,,,,0.0,,0.0,5.0,0.0,1.0,,0.0,0.0,1.0,,,63.0,,,,12.6,,,,,,,,,,,,2711,West,4.3,12,5,7,0,8,4,4,0,6,2,4,0,6,3,3,0,199,13,27,8,16,12,2,180,13,1,664,34,1988,335,167,11,10,80,755,21911,0,47,10,465,14,1635,31,80,58,185,3623,21,,No
11,2022,4683561,Mareyohn Hrabowski,QB,Western Michigan,MAC,0.0421,0.0324,0.0521,0.0364,0.042,0.047,0.059,0.038,8.0,,26.0,4.0,,,2.0,0.0,,15.0,0.0,,0.5,,,,0.0,,,,0.0,,,,,119.0,7.0,2.4,,,,,,,,,,,,,,2711,West,4.3,12,5,7,0,8,4,4,0,6,2,4,0,6,3,3,0,199,13,27,8,16,12,2,180,13,1,664,34,1988,335,167,11,10,80,755,21911,0,47,10,465,14,1635,31,80,58,185,3623,21,,No
12,2022,4808740,Nate Anderson,WR,Western Michigan,MAC,0.0149,0.0324,0.0,0.0132,0.017,0.006,0.013,0.017,,,,,,,,,,11.0,,,,1.0,,0.0,7.0,0.0,1.0,,0.0,0.0,1.0,,,44.0,,,,6.3,,,,,,,,,,,,2711,West,4.3,12,5,7,0,8,4,4,0,6,2,4,0,6,3,3,0,199,13,27,8,16,12,2,180,13,1,664,34,1988,335,167,11,10,80,755,21911,0,47,10,465,14,1635,31,80,58,185,3623,21,,No
13,2022,4428732,Sean Tyler,RB,Western Michigan,MAC,0.2456,0.059,0.4193,0.3013,0.235,0.17,0.303,0.159,,23.1,209.0,,,,4.0,,,229.0,2.0,27.0,,0.0,,0.0,12.0,0.0,0.0,,10.0,0.0,0.0,,,1762.0,,4.9,,9.3,,,,,,,,,,,,2711,West,4.3,12,5,7,0,8,4,4,0,6,2,4,0,6,3,3,0,199,13,27,8,16,12,2,180,13,1,664,34,1988,335,167,11,10,80,755,21911,0,47,10,465,14,1635,31,80,58,185,3623,21,3.0,Yes
14,2022,4567106,Stone Hollenbach,QB,Western Michigan,MAC,0.0054,0.0118,0.0,0.0033,0.004,0.012,0.007,0.007,5.0,,1.0,4.0,,,,1.0,,0.0,,,0.8,,,,,,,,0.0,,,,,6.0,3.0,-9.0,,,,,,,,,,,,,,2711,West,4.3,12,5,7,0,8,4,4,0,6,2,4,0,6,3,3,0,199,13,27,8,16,12,2,180,13,1,664,34,1988,335,167,11,10,80,755,21911,0,47,10,465,14,1635,31,80,58,185,3623,21,,No
15,2022,4404999,Trae Allen,RB,Western Michigan,MAC,0.0081,0.0,0.0156,0.0099,0.008,0.006,0.007,0.007,,,6.0,,,,,,,7.0,,,,,,,,,,,0.0,,,,,15.0,,2.5,,,,,,,,,,,,,,2711,West,4.3,12,5,7,0,8,4,4,0,6,2,4,0,6,3,3,0,199,13,27,8,16,12,2,180,13,1,664,34,1988,335,167,11,10,80,755,21911,0,47,10,465,14,1635,31,80,58,185,3623,21,,No
16,2022,4688540,Treyson Bourguet,QB,Western Michigan,MAC,0.1113,0.1888,0.0469,0.0927,0.105,0.135,0.118,0.125,109.0,,43.0,54.0,,,1.0,1.0,,18.0,1.0,,0.495,0.0,,0.0,0.0,0.0,1.0,,3.0,0.0,1.0,,,755.0,5.5,3.6,,,,,,,,,,,,,,2711,West,4.3,12,5,7,0,8,4,4,0,6,2,4,0,6,3,3,0,199,13,27,8,16,12,2,180,13,1,664,34,1988,335,167,11,10,80,755,21911,0,47,10,465,14,1635,31,80,58,185,3623,21,,No
17,2022,4682904,Zahir Abdus-Salaam,RB,Western Michigan,MAC,0.0434,0.0088,0.0755,0.053,0.042,0.029,0.02,0.045,,14.6,46.0,,,,2.0,,,46.0,2.0,11.0,,0.0,,0.0,1.0,0.0,1.0,,0.0,0.0,1.0,,,170.0,,2.2,,-2.0,,,,,,,,,,,,2711,West,4.3,12,5,7,0,8,4,4,0,6,2,4,0,6,3,3,0,199,13,27,8,16,12,2,180,13,1,664,34,1988,335,167,11,10,80,755,21911,0,47,10,465,14,1635,31,80,58,185,3623,21,,No
18,2022,4363522,Aaron Jackson,TE,Eastern Michigan,MAC,0.0052,0.0084,0.0025,0.0,0.004,0.013,0.009,0.009,,,,,,,1.0,,,10.0,1.0,,,,,,4.0,,,,1.0,,,,,13.0,,,,3.3,,,,,,,,,,,,2199,West,6.4,13,9,4,0,8,5,3,0,6,3,3,0,6,5,1,0,277,11,24,7,7,13,0,141,12,1,760,41,2914,393,245,13,23,103,960,24543,0,52,10,503,25,1843,25,56,80,177,4757,19,,No
19,2022,4710718,Andreas Paaske,TE,Eastern Michigan,MAC,0.0195,0.0419,0.0,0.0179,0.023,0.02,0.009,0.031,,,,,,,,,,75.0,,,,0.0,,0.0,10.0,0.0,1.0,,2.0,0.0,1.0,,,206.0,,,,20.6,,,,,,,,,,,,2199,West,6.4,13,9,4,0,8,5,3,0,6,3,3,0,6,5,1,0,277,11,24,7,7,13,0,141,12,1,760,41,2914,393,245,13,23,103,960,24543,0,52,10,503,25,1843,25,56,80,177,4757,19,,No
20,2022,4597247,Austin Smith,QB,Eastern Michigan,MAC,0.1751,0.243,0.1185,0.1399,0.17,0.257,0.134,0.258,119.0,,61.0,68.0,,,3.0,4.0,,29.0,0.0,,0.571,,,,0.0,,,,8.0,,,,,1029.0,6.5,4.2,,,,,,,,,,,,,,2199,West,6.4,13,9,4,0,8,5,3,0,6,3,3,0,6,5,1,0,277,11,24,7,7,13,0,141,12,1,760,41,2914,393,245,13,23,103,960,24543,0,52,10,503,25,1843,25,56,80,177,4757,19,,No
21,2022,4688839,Bryson Moss,RB,Eastern Michigan,MAC,0.0078,0.0028,0.0123,0.0089,0.004,0.0,0.013,0.004,,,5.0,,,,,,,8.0,,,,,,,,,,,1.0,,,,,13.0,,2.6,,,,,,,,,,,,,,2199,West,6.4,13,9,4,0,8,5,3,0,6,3,3,0,6,5,1,0,277,11,24,7,7,13,0,141,12,1,760,41,2914,393,245,13,23,103,960,24543,0,52,10,503,25,1843,25,56,80,177,4757,19,,No
22,2022,4917305,Cam'Ron McCoy,QB,Eastern Michigan,MAC,0.0039,0.0,0.0074,0.006,0.004,0.0,0.004,0.0,,,3.0,,,,,,,5.0,,,,,,,,,,,0.0,,,,,9.0,,3.0,,,,,,,,,,,,,,2199,West,6.4,13,9,4,0,8,5,3,0,6,3,3,0,6,5,1,0,277,11,24,7,7,13,0,141,12,1,760,41,2914,393,245,13,23,103,960,24543,0,52,10,503,25,1843,25,56,80,177,4757,19,,No
23,2022,4429083,Darius Boone,RB,Eastern Michigan,MAC,0.0324,0.0,0.0617,0.0327,0.035,0.033,0.049,0.022,,,26.0,,,,,,,18.0,,,,,,,1.0,,,,3.0,,,,,99.0,,3.5,,7.0,,,,,,,,,,,,2199,West,6.4,13,9,4,0,8,5,3,0,6,3,3,0,6,5,1,0,277,11,24,7,7,13,0,141,12,1,760,41,2914,393,245,13,23,103,960,24543,0,52,10,503,25,1843,25,56,80,177,4757,19,3.0,Yes
24,2022,5083198,Darius Lassiter,WR,Eastern Michigan,MAC,0.0726,0.1564,0.0,0.0565,0.085,0.079,0.067,0.098,,,,,,,,,,45.0,,,,0.0,,0.0,41.0,0.0,0.0,,4.0,0.0,1.0,,,477.0,,,,11.6,,,,,,,,,,,,2199,West,6.4,13,9,4,0,8,5,3,0,6,3,3,0,6,5,1,0,277,11,24,7,7,13,0,141,12,1,760,41,2914,393,245,13,23,103,960,24543,0,52,10,503,25,1843,25,56,80,177,4757,19,3.0,Yes
25,2022,4363551,Dylan Drummond,WR,Eastern Michigan,MAC,0.0687,0.148,0.0,0.0655,0.073,0.079,0.058,0.08,1.0,5.2,,1.0,,,1.0,0.0,,71.0,1.0,5.0,1.0,,,,33.0,,,,3.0,,,,,574.0,23.0,,,15.9,,,,,,,,,,,,2199,West,6.4,13,9,4,0,8,5,3,0,6,3,3,0,6,5,1,0,277,11,24,7,7,13,0,141,12,1,760,41,2914,393,245,13,23,103,960,24543,0,52,10,503,25,1843,25,56,80,177,4757,19,,No
26,2022,4832021,Elijah Jackson-Anderson,RB,Eastern Michigan,MAC,0.0013,0.0,0.0025,0.0,0.004,0.0,0.004,0.0,,5.6,1.0,,,,,,,19.0,,5.0,,,,,,,,,0.0,,,,,29.0,,1.0,,,,,,,,,,,,,,2199,West,6.4,13,9,4,0,8,5,3,0,6,3,3,0,6,5,1,0,277,11,24,7,7,13,0,141,12,1,760,41,2914,393,245,13,23,103,960,24543,0,52,10,503,25,1843,25,56,80,177,4757,19,,No
27,2022,4244834,Gunnar Oakes,TE,Eastern Michigan,MAC,0.0389,0.0838,0.0,0.0298,0.031,0.079,0.022,0.067,,,,,,,,,,27.0,,,,,,,27.0,,,,0.0,,,,,278.0,,,,10.3,,,,,,,,,,,,2199,West,6.4,13,9,4,0,8,5,3,0,6,3,3,0,6,5,1,0,277,11,24,7,7,13,0,141,12,1,760,41,2914,393,245,13,23,103,960,24543,0,52,10,503,25,1843,25,56,80,177,4757,19,,No
28,2022,4363537,Hassan Beydoun,WR,Eastern Michigan,MAC,0.0752,0.1536,0.0074,0.0774,0.077,0.079,0.045,0.098,,19.5,4.0,,,,1.0,,,79.0,1.0,13.0,,0.0,,0.0,50.0,0.0,1.0,,4.0,0.0,2.0,,,619.0,,1.0,,9.5,,,,,,,,,,,,2199,West,6.4,13,9,4,0,8,5,3,0,6,3,3,0,6,5,1,0,277,11,24,7,7,13,0,141,12,1,760,41,2914,393,245,13,23,103,960,24543,0,52,10,503,25,1843,25,56,80,177,4757,19,,No
29,2022,4696240,Jaylon Jackson,RB,Eastern Michigan,MAC,0.1284,0.0419,0.2074,0.1577,0.147,0.053,0.125,0.08,,23.8,92.0,,,,2.0,,,162.0,2.0,24.0,,0.0,,0.0,13.0,0.0,0.0,,4.0,0.0,0.0,,,1112.0,,4.5,,9.8,,,,,,,,,,,,2199,West,6.4,13,9,4,0,8,5,3,0,6,3,3,0,6,5,1,0,277,11,24,7,7,13,0,141,12,1,760,41,2914,393,245,13,23,103,960,24543,0,52,10,503,25,1843,25,56,80,177,4757,19,,No
30,2022,4565491,Jere Getzinger Jr.,TE,Eastern Michigan,MAC,0.0052,0.0084,0.0025,0.0089,0.0,0.0,0.004,0.0,,,,,,,1.0,,,28.0,1.0,,,0.0,,0.0,4.0,0.0,2.0,,0.0,0.0,3.0,,,52.0,,,,13.0,,,,,,,,,,,,2199,West,6.4,13,9,4,0,8,5,3,0,6,3,3,0,6,5,1,0,277,11,24,7,7,13,0,141,12,1,760,41,2914,393,245,13,23,103,960,24543,0,52,10,503,25,1843,25,56,80,177,4757,19,,No
31,2022,4686750,Michael Foor,RB,Eastern Michigan,MAC,0.0013,0.0,0.0025,0.003,0.0,0.0,0.0,0.0,,,1.0,,,,,,,0.0,,,,,,,,,,,0.0,,,,,0.0,,0.0,,,,,,,,,,,,,,2199,West,6.4,13,9,4,0,8,5,3,0,6,3,3,0,6,5,1,0,277,11,24,7,7,13,0,141,12,1,760,41,2914,393,245,13,23,103,960,24543,0,52,10,503,25,1843,25,56,80,177,4757,19,,No
32,2022,4360492,Samson Evans,RB,Eastern Michigan,MAC,0.2776,0.0447,0.4889,0.3274,0.236,0.211,0.393,0.12,1.0,10.5,249.0,1.0,,,2.0,0.0,,74.0,0.0,2.0,1.0,0.0,,0.0,15.0,0.0,1.0,,16.0,0.0,1.0,,,1286.0,3.0,4.7,,6.4,,,,,,,,,,,,2199,West,6.4,13,9,4,0,8,5,3,0,6,3,3,0,6,5,1,0,277,11,24,7,7,13,0,141,12,1,760,41,2914,393,245,13,23,103,960,24543,0,52,10,503,25,1843,25,56,80,177,4757,19,,No
33,2022,4363528,Tanner Knue,WR,Eastern Michigan,MAC,0.0726,0.1508,0.0049,0.0625,0.081,0.092,0.049,0.107,,7.0,2.0,,,,0.0,,,85.0,0.0,1.0,,,,,46.0,,,,9.0,,,,,654.0,,8.0,,14.0,,,,,,,,,,,,2199,West,6.4,13,9,4,0,8,5,3,0,6,3,3,0,6,5,1,0,277,11,24,7,7,13,0,141,12,1,760,41,2914,393,245,13,23,103,960,24543,0,52,10,503,25,1843,25,56,80,177,4757,19,,No
34,2022,4241193,Taylor Powell,QB,Eastern Michigan,MAC,0.3787,0.743,0.0642,0.3304,0.405,0.467,0.272,0.533,270.0,,44.0,175.0,,,2.0,8.0,,17.0,1.0,,0.648,,,,0.0,,,,18.0,,,,,2018.0,7.8,-2.2,,,,,,,,,,,,,,2199,West,6.4,13,9,4,0,8,5,3,0,6,3,3,0,6,5,1,0,277,11,24,7,7,13,0,141,12,1,760,41,2914,393,245,13,23,103,960,24543,0,52,10,503,25,1843,25,56,80,177,4757,19,,No
35,2022,4875726,Zach Westmoreland,WR,Eastern Michigan,MAC,0.0039,0.0056,0.0025,0.003,0.0,0.013,0.0,0.009,,,1.0,,,,,,,21.0,,,,,,,1.0,,,,0.0,,,,,21.0,,0.0,,21.0,,,,,,,,,,,,2199,West,6.4,13,9,4,0,8,5,3,0,6,3,3,0,6,5,1,0,277,11,24,7,7,13,0,141,12,1,760,41,2914,393,245,13,23,103,960,24543,0,52,10,503,25,1843,25,56,80,177,4757,19,,No
36,2022,4362293,Adam Beale,WR,Toledo,MAC,0.0022,0.005,0.0,0.0,0.003,0.005,0.0,0.007,,8.1,,,,,2.0,,,60.0,1.0,31.0,,,,,2.0,,,,0.0,,,,,282.0,,,,15.0,,,,,,,,,,,,2649,West,10.6,14,9,5,0,9,6,3,0,6,5,1,0,6,2,4,0,308,16,27,11,10,14,2,87,15,0,342,22,3149,439,247,12,31,94,775,24795,0,252,31,580,23,2489,31,77,85,208,5638,26,,No
37,2022,4362248,Anthony Torres,TE,Toledo,MAC,0.0066,0.015,0.0,0.0025,0.013,0.005,0.004,0.014,,,,,,,,,,23.0,,,,,,,5.0,,,,0.0,,,,,64.0,,,,12.8,,,,,,,,,,,,2649,West,10.6,14,9,5,0,9,6,3,0,6,5,1,0,6,2,4,0,308,16,27,11,10,14,2,87,15,0,342,22,3149,439,247,12,31,94,775,24795,0,252,31,580,23,2489,31,77,85,208,5638,26,,No
38,2022,4429284,DeMeer Blankumsee,WR,Toledo,MAC,0.0513,0.1175,0.0,0.0564,0.04,0.059,0.026,0.063,,1.0,,,,,1.0,,,42.0,1.0,1.0,,0.0,,0.0,41.0,0.0,1.0,,3.0,0.0,1.0,,,513.0,,,,12.5,,,,,,,,,,,,2649,West,10.6,14,9,5,0,9,6,3,0,6,5,1,0,6,2,4,0,308,16,27,11,10,14,2,87,15,0,342,22,3149,439,247,12,31,94,775,24795,0,252,31,580,23,2489,31,77,85,208,5638,26,3.0,Yes
39,2022,4427191,Dequan Finn,QB,Toledo,MAC,0.4083,0.6975,0.1885,0.3456,0.395,0.573,0.335,0.549,316.0,,130.0,189.0,,,4.0,12.0,,38.0,1.0,,0.598,,,,0.0,,,,32.0,,,,,2897.0,7.2,4.9,,,,,,,,,,,,,,2649,West,10.6,14,9,5,0,9,6,3,0,6,5,1,0,6,2,4,0,308,16,27,11,10,14,2,87,15,0,342,22,3149,439,247,12,31,94,775,24795,0,252,31,580,23,2489,31,77,85,208,5638,26,,No
40,2022,4401311,Devin Maddox,WR,Toledo,MAC,0.059,0.125,0.0079,0.0613,0.054,0.065,0.052,0.059,,,5.0,,,,1.0,,,64.0,1.0,,,0.0,,0.0,39.0,0.0,1.0,,3.0,0.0,1.0,,,560.0,,2.4,,14.1,,,,,,,,,,,,2649,West,10.6,14,9,5,0,9,6,3,0,6,5,1,0,6,2,4,0,308,16,27,11,10,14,2,87,15,0,342,22,3149,439,247,12,31,94,775,24795,0,252,31,580,23,2489,31,77,85,208,5638,26,,No
41,2022,4360212,Ezechiel Tieide,WR,Toledo,MAC,0.0022,0.005,0.0,0.0025,0.003,0.0,0.004,0.0,,,,,,,,,,6.0,,,,,,,2.0,,,,0.0,,,,,6.0,,,,3.0,,,,,,,,,,,,2649,West,10.6,14,9,5,0,9,6,3,0,6,5,1,0,6,2,4,0,308,16,27,11,10,14,2,87,15,0,342,22,3149,439,247,12,31,94,775,24795,0,252,31,580,23,2489,31,77,85,208,5638,26,,No
42,2022,4428606,Jacquez Stuart,RB,Toledo,MAC,0.1397,0.0275,0.2321,0.1765,0.134,0.086,0.137,0.087,,18.5,134.0,,,,2.0,,,108.0,2.0,14.0,,,,,10.0,,,,4.0,,,,,1079.0,,5.7,,5.0,,,,,,,,,,,,2649,West,10.6,14,9,5,0,9,6,3,0,6,5,1,0,6,2,4,0,308,16,27,11,10,14,2,87,15,0,342,22,3149,439,247,12,31,94,775,24795,0,252,31,580,23,2489,31,77,85,208,5638,26,,No
43,2022,4257257,Jamal Turner,TE,Toledo,MAC,0.0349,0.08,0.0,0.0221,0.047,0.038,0.052,0.038,,,,,,,,,,69.0,,,,0.0,,0.0,29.0,0.0,2.0,,8.0,0.0,3.0,,,378.0,,,,13.0,,,,,,,,,,,,2649,West,10.6,14,9,5,0,9,6,3,0,6,5,1,0,6,2,4,0,308,16,27,11,10,14,2,87,15,0,342,22,3149,439,247,12,31,94,775,24795,0,252,31,580,23,2489,31,77,85,208,5638,26,,No
44,2022,4430254,Jerjuan Newton,WR,Toledo,MAC,0.0666,0.1475,0.004,0.076,0.067,0.038,0.047,0.066,,8.5,1.0,,,,2.0,,,57.0,1.0,2.0,,0.0,,0.0,53.0,0.0,1.0,,9.0,0.0,1.0,,,846.0,,-1.0,,15.7,,,,,,,,,,,,2649,West,10.6,14,9,5,0,9,6,3,0,6,5,1,0,6,2,4,0,308,16,27,11,10,14,2,87,15,0,342,22,3149,439,247,12,31,94,775,24795,0,252,31,580,23,2489,31,77,85,208,5638,26,,No
45,2022,4686274,Jordan Lowe,RB,Toledo,MAC,0.0022,0.0,0.004,0.0025,0.003,0.0,0.004,0.0,,,2.0,,,,,,,29.0,,,,,,,,,,,1.0,,,,,37.0,,18.5,,,,,,,,,,,,,,2649,West,10.6,14,9,5,0,9,6,3,0,6,5,1,0,6,2,4,0,308,16,27,11,10,14,2,87,15,0,342,22,3149,439,247,12,31,94,775,24795,0,252,31,580,23,2489,31,77,85,208,5638,26,,No
46,2022,4837200,Junior Vandeross,WR,Toledo,MAC,0.0011,0.0025,0.0,0.0025,0.0,0.0,0.0,0.0,,14.7,,,,,,,,40.0,,3.0,,0.0,,0.0,1.0,0.0,2.0,,0.0,0.0,4.0,,,62.0,,,,18.0,,,,,,,,,,,,2649,West,10.6,14,9,5,0,9,6,3,0,6,5,1,0,6,2,4,0,308,16,27,11,10,14,2,87,15,0,342,22,3149,439,247,12,31,94,775,24795,0,252,31,580,23,2489,31,77,85,208,5638,26,,No
47,2022,4686284,Larry Stephens,WR,Toledo,MAC,0.0022,0.005,0.0,0.0,0.007,0.0,0.0,0.007,,,,,,,,,,21.0,,,,0.0,,0.0,2.0,0.0,1.0,,0.0,0.0,1.0,,,23.0,,,,11.5,,,,,,,,,,,,2649,West,10.6,14,9,5,0,9,6,3,0,6,5,1,0,6,2,4,0,308,16,27,11,10,14,2,87,15,0,342,22,3149,439,247,12,31,94,775,24795,0,252,31,580,23,2489,31,77,85,208,5638,26,,No
48,2022,4687415,Lenny Kuhl,TE,Toledo,MAC,0.0066,0.015,0.0,0.0049,0.003,0.011,0.017,0.007,,,,,,,,,,12.0,,,,,,,7.0,,,,3.0,,,,,43.0,,,,6.1,,,,,,,,,,,,2649,West,10.6,14,9,5,0,9,6,3,0,6,5,1,0,6,2,4,0,308,16,27,11,10,14,2,87,15,0,342,22,3149,439,247,12,31,94,775,24795,0,252,31,580,23,2489,31,77,85,208,5638,26,,No
49,2022,4429976,Micah Kelly,RB,Toledo,MAC,0.1376,0.03,0.2262,0.1667,0.14,0.081,0.146,0.09,,,119.0,,,,,,,44.0,,,,,,,12.0,,,,2.0,,,,,462.0,,3.3,,5.7,,,,,,,,,,,,2649,West,10.6,14,9,5,0,9,6,3,0,6,5,1,0,6,2,4,0,308,16,27,11,10,14,2,87,15,0,342,22,3149,439,247,12,31,94,775,24795,0,252,31,580,23,2489,31,77,85,208,5638,26,,No
50,2022,4569350,Mikel Barkley,WR,Toledo,MAC,0.0284,0.065,0.0,0.0294,0.02,0.032,0.026,0.028,,,,,,,,,,39.0,,,,,,,22.0,,,,3.0,,,,,289.0,,,,13.1,,,,,,,,,,,,2649,West,10.6,14,9,5,0,9,6,3,0,6,5,1,0,6,2,4,0,308,16,27,11,10,14,2,87,15,0,342,22,3149,439,247,12,31,94,775,24795,0,252,31,580,23,2489,31,77,85,208,5638,26,3.0,Yes
51,2022,4429287,Peny Boone,RB,Toledo,MAC,0.131,0.0275,0.2163,0.1422,0.137,0.097,0.21,0.059,,,116.0,,,,1.0,,,44.0,1.0,,,0.0,,0.0,11.0,0.0,0.0,,3.0,0.0,1.0,,,527.0,,3.8,,7.6,,,,,,,,,,,,2649,West,10.6,14,9,5,0,9,6,3,0,6,5,1,0,6,2,4,0,308,16,27,11,10,14,2,87,15,0,342,22,3149,439,247,12,31,94,775,24795,0,252,31,580,23,2489,31,77,85,208,5638,26,,No
52,2022,4590295,Thomas Zsiros,WR,Toledo,MAC,0.0186,0.04,0.002,0.0196,0.017,0.011,0.017,0.017,,,0.0,,,,,,,50.0,,,,0.0,,0.0,10.0,0.0,6.0,,2.0,0.0,8.0,,,198.0,,0.0,,19.8,,,,,,,,,,,,2649,West,10.6,14,9,5,0,9,6,3,0,6,5,1,0,6,2,4,0,308,16,27,11,10,14,2,87,15,0,342,22,3149,439,247,12,31,94,775,24795,0,252,31,580,23,2489,31,77,85,208,5638,26,,No
53,2022,4429801,Tucker Gleason,QB,Toledo,MAC,0.167,0.3,0.0655,0.1225,0.164,0.238,0.163,0.236,122.0,,42.0,58.0,,,4.0,3.0,,27.0,2.0,,0.475,,,,0.0,,,,11.0,,,,,1069.0,7.2,4.4,,,,,,,,,,,,,,2649,West,10.6,14,9,5,0,9,6,3,0,6,5,1,0,6,2,4,0,308,16,27,11,10,14,2,87,15,0,342,22,3149,439,247,12,31,94,775,24795,0,252,31,580,23,2489,31,77,85,208,5638,26,,No
54,2022,4683272,Willie Shaw III,RB,Toledo,MAC,0.0197,0.0025,0.0337,0.0245,0.02,0.011,0.021,0.01,,,19.0,,,,,,,25.0,,,,,,,1.0,,,,1.0,,,,,68.0,,3.2,,8.0,,,,,,,,,,,,2649,West,10.6,14,9,5,0,9,6,3,0,6,5,1,0,6,2,4,0,308,16,27,11,10,14,2,87,15,0,342,22,3149,439,247,12,31,94,775,24795,0,252,31,580,23,2489,31,77,85,208,5638,26,,No
55,2022,4599158,Al-Jay Henderson,RB,Buffalo,MAC,0.0628,0.0132,0.1085,0.0669,0.063,0.053,0.081,0.039,,,59.0,,,,,,,97.0,,,,,,,6.0,,,,3.0,,,,,346.0,,5.1,,7.5,,,,,,,,,,,,2084,East,6.1,13,7,6,0,8,5,3,0,5,3,2,0,7,3,4,0,268,19,31,9,15,13,1,167,8,0,594,28,2795,419,250,11,15,61,565,24404,0,10,10,512,22,1820,24,78,81,197,4615,17,,No
56,2022,4426449,Boobie Curry,WR,Buffalo,MAC,0.0037,0.0079,0.0,0.0029,0.007,0.0,0.0,0.008,,,,,,,,,,20.0,,,,,,,6.0,,,,0.0,,,,,73.0,,,,12.2,,,,,,,,,,,,2084,East,6.1,13,7,6,0,8,5,3,0,5,3,2,0,7,3,4,0,268,19,31,9,15,13,1,167,8,0,594,28,2795,419,250,11,15,61,565,24404,0,10,10,512,22,1820,24,78,81,197,4615,17,,No
57,2022,4687561,Cole Harrity,WR,Buffalo,MAC,0.0148,0.0317,0.0,0.0087,0.015,0.03,0.013,0.023,,2.0,,,,,,,,30.0,,1.0,,0.0,,0.0,12.0,0.0,2.0,,1.0,0.0,2.0,,,139.0,,,,11.4,,,,,,,,,,,,2084,East,6.1,13,7,6,0,8,5,3,0,5,3,2,0,7,3,4,0,268,19,31,9,15,13,1,167,8,0,594,28,2795,419,250,11,15,61,565,24404,0,10,10,512,22,1820,24,78,81,197,4615,17,,No
58,2022,4570057,Cole Snyder,QB,Buffalo,MAC,0.4852,0.8757,0.1486,0.4157,0.482,0.627,0.314,0.715,417.0,,104.0,248.0,,,8.0,7.0,0.0,96.0,4.0,1.0,0.595,0.0,,0.0,1.0,0.0,3.0,1.0,19.0,0.0,3.0,,,2982.0,6.6,1.4,56.0,15.0,,,,,,,,,,,,2084,East,6.1,13,7,6,0,8,5,3,0,5,3,2,0,7,3,4,0,268,19,31,9,15,13,1,167,8,0,594,28,2795,419,250,11,15,61,565,24404,0,10,10,512,22,1820,24,78,81,197,4615,17,,No
59,2022,4684091,Jamari Gassett,WR,Buffalo,MAC,0.0296,0.0608,0.0024,0.0349,0.033,0.018,0.018,0.031,,,1.0,,,,,,,65.0,,,,0.0,,0.0,27.0,0.0,1.0,,2.0,1.0,1.0,,,347.0,,-1.0,,12.9,,,,,,,,,,,,2084,East,6.1,13,7,6,0,8,5,3,0,5,3,2,0,7,3,4,0,268,19,31,9,15,13,1,167,8,0,594,28,2795,419,250,11,15,61,565,24404,0,10,10,512,22,1820,24,78,81,197,4615,17,3.0,Yes
60,2022,4240075,Justin Marshall,WR,Buffalo,MAC,0.0911,0.1958,0.0,0.0785,0.07,0.154,0.049,0.141,,19.0,,,,,,,,88.0,,1.0,,0.0,,0.0,58.0,0.0,0.0,,7.0,0.0,1.0,,,773.0,,,,13.0,,,,,,,,,,,,2084,East,6.1,13,7,6,0,8,5,3,0,5,3,2,0,7,3,4,0,268,19,31,9,15,13,1,167,8,0,594,28,2795,419,250,11,15,61,565,24404,0,10,10,512,22,1820,24,78,81,197,4615,17,,No
61,2022,5082941,Mark Scott,RB,Buffalo,MAC,0.0037,0.0,0.0071,0.0029,0.004,0.006,0.009,0.0,,,3.0,,,,,,,3.0,,,,,,,,,,,0.0,,,,,3.0,,1.0,,,,,,,,,,,,,,2084,East,6.1,13,7,6,0,8,5,3,0,5,3,2,0,7,3,4,0,268,19,31,9,15,13,1,167,8,0,594,28,2795,419,250,11,15,61,565,24404,0,10,10,512,22,1820,24,78,81,197,4615,17,,No
62,2022,4574327,Marlyn Johnson,WR,Buffalo,MAC,0.0197,0.0423,0.0,0.0233,0.015,0.024,0.009,0.023,,,,,,,,,,18.0,,,,,,,16.0,,,,0.0,,,,,127.0,,,,7.9,,,,,,,,,,,,2084,East,6.1,13,7,6,0,8,5,3,0,5,3,2,0,7,3,4,0,268,19,31,9,15,13,1,167,8,0,594,28,2795,419,250,11,15,61,565,24404,0,10,10,512,22,1820,24,78,81,197,4615,17,,No
63,2022,4686658,Michael Washington,RB,Buffalo,MAC,0.1453,0.0265,0.2547,0.1483,0.151,0.118,0.233,0.07,,,139.0,,,,4.0,,,115.0,3.0,,,,,,15.0,,,,8.0,,,,,683.0,,4.4,,5.1,,,,,,,,,,,,2084,East,6.1,13,7,6,0,8,5,3,0,5,3,2,0,7,3,4,0,268,19,31,9,15,13,1,167,8,0,594,28,2795,419,250,11,15,61,565,24404,0,10,10,512,22,1820,24,78,81,197,4615,17,,No
64,2022,4244833,Quian Williams,WR,Buffalo,MAC,0.0714,0.1508,0.0024,0.061,0.055,0.107,0.049,0.102,1.0,33.9,2.0,1.0,,,2.0,0.0,,152.0,1.0,11.0,1.0,1.0,,0.0,59.0,0.0,1.0,,4.0,0.0,1.0,,,871.0,15.0,1.0,,12.1,,,,,,,,,,,,2084,East,6.1,13,7,6,0,8,5,3,0,5,3,2,0,7,3,4,0,268,19,31,9,15,13,1,167,8,0,594,28,2795,419,250,11,15,61,565,24404,0,10,10,512,22,1820,24,78,81,197,4615,17,,No
65,2022,4794888,Ray Embry,TE,Buffalo,MAC,0.0025,0.0053,0.0,0.0,0.004,0.006,0.004,0.004,,,,,,,,,,15.0,,,,0.0,,0.0,4.0,0.0,0.0,,0.0,0.0,1.0,,,44.0,,,,11.0,,,,,,,,,,,,2084,East,6.1,13,7,6,0,8,5,3,0,5,3,2,0,7,3,4,0,268,19,31,9,15,13,1,167,8,0,594,28,2795,419,250,11,15,61,565,24404,0,10,10,512,22,1820,24,78,81,197,4615,17,,No
66,2022,4367706,Robbie Mangas,TE,Buffalo,MAC,0.0185,0.037,0.0024,0.0087,0.029,0.018,0.018,0.031,,3.0,1.0,,,,1.0,,,31.0,1.0,1.0,,0.0,,0.0,16.0,0.0,1.0,,0.0,0.0,2.0,,,149.0,,5.0,,8.8,,,,,,,,,,,,2084,East,6.1,13,7,6,0,8,5,3,0,5,3,2,0,7,3,4,0,268,19,31,9,15,13,1,167,8,0,594,28,2795,419,250,11,15,61,565,24404,0,10,10,512,22,1820,24,78,81,197,4615,17,,No
67,2022,4429454,Ron Cook Jr.,RB,Buffalo,MAC,0.1589,0.0476,0.2618,0.1802,0.188,0.083,0.197,0.102,1.0,17.6,139.0,1.0,,,1.0,0.0,,116.0,0.0,20.0,1.0,0.0,,0.0,16.0,0.0,0.0,,4.0,0.0,1.0,,,1227.0,14.0,4.3,,12.9,,,,,,,,,,,,2084,East,6.1,13,7,6,0,8,5,3,0,5,3,2,0,7,3,4,0,268,19,31,9,15,13,1,167,8,0,594,28,2795,419,250,11,15,61,565,24404,0,10,10,512,22,1820,24,78,81,197,4615,17,,No
68,2022,4570251,Tajay Ahmed,RB,Buffalo,MAC,0.0357,0.0053,0.0637,0.0465,0.037,0.018,0.058,0.008,,,27.0,,,,,,,22.0,,,,,,,2.0,,,,1.0,,,,,115.0,,3.6,,8.5,,,,,,,,,,,,2084,East,6.1,13,7,6,0,8,5,3,0,5,3,2,0,7,3,4,0,268,19,31,9,15,13,1,167,8,0,594,28,2795,419,250,11,15,61,565,24404,0,10,10,512,22,1820,24,78,81,197,4615,17,,No
69,2022,4576186,Trevor Borland,TE,Buffalo,MAC,0.0074,0.0159,0.0,0.0145,0.004,0.0,0.0,0.004,,13.0,,,,,,,,27.0,,1.0,,,,,10.0,,,,0.0,,,,,86.0,,,,7.3,,,,,,,,,,,,2084,East,6.1,13,7,6,0,8,5,3,0,5,3,2,0,7,3,4,0,268,19,31,9,15,13,1,167,8,0,594,28,2795,419,250,11,15,61,565,24404,0,10,10,512,22,1820,24,78,81,197,4615,17,2.0,Yes
70,2022,4362332,Alec Burton,TE,Ohio,MAC,0.0103,0.0208,0.0,0.0026,0.021,0.011,0.0,0.028,,,,,,,,,,24.0,,,,,,,7.0,,,,0.0,,,,,49.0,,,,7.0,,,,,,,,,,,,195,East,7.2,14,10,4,0,9,7,2,0,6,6,0,0,6,3,3,0,290,6,17,8,19,14,0,163,5,1,1115,58,3893,464,302,12,28,69,618,27015,0,31,15,493,23,2008,37,83,79,188,5901,13,,No
71,2022,4686788,CJ Harris,QB,Ohio,MAC,0.1529,0.2338,0.0739,0.1128,0.168,0.217,0.124,0.223,97.0,,37.0,52.0,,,2.0,1.0,,20.0,1.0,,0.536,,,,0.0,,,,6.0,,,,,745.0,5.9,4.5,,,,,,,,,,,,,,195,East,7.2,14,10,4,0,9,7,2,0,6,6,0,0,6,3,3,0,290,6,17,8,19,14,0,163,5,1,1115,58,3893,464,302,12,28,69,618,27015,0,31,15,493,23,2008,37,83,79,188,5901,13,,No
72,2022,5083297,Jacoby Jones,WR,Ohio,MAC,0.0563,0.1088,0.0046,0.0538,0.058,0.063,0.038,0.071,2.0,18.8,2.0,1.0,,,,0.0,,84.0,,12.0,0.5,,,,45.0,,,,6.0,,,,,1029.0,8.5,5.5,,17.2,,,,,,,,,,,,195,East,7.2,14,10,4,0,9,7,2,0,6,6,0,0,6,3,3,0,290,6,17,8,19,14,0,163,5,1,1115,58,3893,464,302,12,28,69,618,27015,0,31,15,493,23,2008,37,83,79,188,5901,13,,No
73,2022,4260945,Jake Neatherton,RB,Ohio,MAC,0.0195,0.0023,0.037,0.0179,0.027,0.011,0.019,0.021,,,18.0,,,,,,,19.0,,,,,,,1.0,,,,0.0,,,,,77.0,,4.1,,3.0,,,,,,,,,,,,195,East,7.2,14,10,4,0,9,7,2,0,6,6,0,0,6,3,3,0,290,6,17,8,19,14,0,163,5,1,1115,58,3893,464,302,12,28,69,618,27015,0,31,15,493,23,2008,37,83,79,188,5901,13,,No
74,2022,4242648,James Bostic,WR,Ohio,MAC,0.0471,0.0949,0.0,0.0359,0.052,0.057,0.067,0.05,,,,,,,,,,54.0,,,,0.0,,0.0,33.0,0.0,1.0,,1.0,0.0,1.0,,,607.0,,,,18.4,,,,,,,,,,,,195,East,7.2,14,10,4,0,9,7,2,0,6,6,0,0,6,3,3,0,290,6,17,8,19,14,0,163,5,1,1115,58,3893,464,302,12,28,69,618,27015,0,31,15,493,23,2008,37,83,79,188,5901,13,,No
75,2022,4260943,Julian Ross,RB,Ohio,MAC,0.0115,0.0,0.0231,0.0154,0.01,0.006,0.01,0.007,,17.0,11.0,,,,1.0,,,45.0,1.0,1.0,,,,,0.0,,,,0.0,,,,,84.0,,6.1,,,,,,,,,,,,,,195,East,7.2,14,10,4,0,9,7,2,0,6,6,0,0,6,3,3,0,290,6,17,8,19,14,0,163,5,1,1115,58,3893,464,302,12,28,69,618,27015,0,31,15,493,23,2008,37,83,79,188,5901,13,,No
76,2022,4576298,Keegan Wilburn,WR,Ohio,MAC,0.0023,0.0046,0.0,0.0,0.003,0.006,0.0,0.007,,24.8,,,,,,,,132.0,,26.0,,0.0,,0.0,1.0,0.0,0.0,,2.0,0.0,0.0,,,680.0,,,,34.0,,,,,,,,,,,,195,East,7.2,14,10,4,0,9,7,2,0,6,6,0,0,6,3,3,0,290,6,17,8,19,14,0,163,5,1,1115,58,3893,464,302,12,28,69,618,27015,0,31,15,493,23,2008,37,83,79,188,5901,13,,No
77,2022,4430431,Kurtis Rourke,QB,Ohio,MAC,0.4126,0.7176,0.1132,0.3795,0.412,0.491,0.39,0.475,353.0,,74.0,244.0,,,5.0,4.0,,78.0,3.0,,0.691,0.0,,0.0,1.0,0.0,1.0,,29.0,0.0,1.0,,,3522.0,9.2,3.4,,17.0,,,,,,,,,,,,195,East,7.2,14,10,4,0,9,7,2,0,6,6,0,0,6,3,3,0,290,6,17,8,19,14,0,163,5,1,1115,58,3893,464,302,12,28,69,618,27015,0,31,15,493,23,2008,37,83,79,188,5901,13,,No
78,2022,4685230,Miles Cross,WR,Ohio,MAC,0.0598,0.1134,0.0069,0.0487,0.076,0.057,0.062,0.074,,10.0,3.0,,,,,,,73.0,,2.0,,,,,46.0,,,,3.0,,,,,579.0,,1.7,,12.0,,,,,,,,,,,,195,East,7.2,14,10,4,0,9,7,2,0,6,6,0,0,6,3,3,0,290,6,17,8,19,14,0,163,5,1,1115,58,3893,464,302,12,28,69,618,27015,0,31,15,493,23,2008,37,83,79,188,5901,13,,No
79,2022,4570285,Nigel Drummond II,WR,Ohio,MAC,0.0034,0.0069,0.0,0.0051,0.0,0.006,0.005,0.0,,,,,,,,,,10.0,,,,,,,3.0,,,,0.0,,,,,27.0,,,,9.0,,,,,,,,,,,,195,East,7.2,14,10,4,0,9,7,2,0,6,6,0,0,6,3,3,0,290,6,17,8,19,14,0,163,5,1,1115,58,3893,464,302,12,28,69,618,27015,0,31,15,493,23,2008,37,83,79,188,5901,13,,No
80,2022,4880239,Nolan McCormick,RB,Ohio,MAC,0.0897,0.0324,0.1478,0.0923,0.103,0.057,0.095,0.085,,,83.0,,,,,,,55.0,,,,,,,20.0,,,,2.0,,,,,453.0,,3.5,,8.2,,,,,,,,,,,,195,East,7.2,14,10,4,0,9,7,2,0,6,6,0,0,6,3,3,0,290,6,17,8,19,14,0,163,5,1,1115,58,3893,464,302,12,28,69,618,27015,0,31,15,493,23,2008,37,83,79,188,5901,13,,No
81,2022,4610131,Parker Navarro,QB,Ohio,MAC,0.0264,0.0394,0.0139,0.0256,0.027,0.023,0.029,0.025,12.0,,9.0,5.0,,,2.0,0.0,,8.0,1.0,,0.417,,,,0.0,,,,0.0,,,,,39.0,3.6,-0.4,,,,,,,,,,,,,,195,East,7.2,14,10,4,0,9,7,2,0,6,6,0,0,6,3,3,0,290,6,17,8,19,14,0,163,5,1,1115,58,3893,464,302,12,28,69,618,27015,0,31,15,493,23,2008,37,83,79,188,5901,13,,No
82,2022,4385438,Sam Wiglusz,WR,Ohio,MAC,0.0931,0.1829,0.0046,0.1026,0.065,0.12,0.086,0.082,,14.899999999999999,2.0,,,,1.0,,,134.0,1.0,17.0,,0.0,,0.0,74.0,0.0,1.0,,11.0,0.0,1.0,,,999.0,,11.5,,11.9,,,,,,,,,,,,195,East,7.2,14,10,4,0,9,7,2,0,6,6,0,0,6,3,3,0,290,6,17,8,19,14,0,163,5,1,1115,58,3893,464,302,12,28,69,618,27015,0,31,15,493,23,2008,37,83,79,188,5901,13,,No
83,2022,4431499,Sieh Bangura,RB,Ohio,MAC,0.292,0.0764,0.5104,0.3385,0.289,0.206,0.357,0.184,,,222.0,,,,2.0,,,89.0,1.0,,,,,,27.0,,,,15.0,,,,,1304.0,,4.9,,8.4,,,,,,,,,,,,195,East,7.2,14,10,4,0,9,7,2,0,6,6,0,0,6,3,3,0,290,6,17,8,19,14,0,163,5,1,1115,58,3893,464,302,12,28,69,618,27015,0,31,15,493,23,2008,37,83,79,188,5901,13,,No
84,2022,4570286,Tyler Foster,TE,Ohio,MAC,0.0115,0.0231,0.0,0.0077,0.014,0.017,0.019,0.011,,,,,,,,,,39.0,,,,0.0,,0.0,13.0,0.0,1.0,,4.0,0.0,2.0,,,185.0,,,,14.2,,,,,,,,,,,,195,East,7.2,14,10,4,0,9,7,2,0,6,6,0,0,6,3,3,0,290,6,17,8,19,14,0,163,5,1,1115,58,3893,464,302,12,28,69,618,27015,0,31,15,493,23,2008,37,83,79,188,5901,13,,No
85,2022,5083302,Tyler Toledo,RB,Ohio,MAC,0.0023,0.0,0.0046,0.0051,0.0,0.0,0.0,0.0,,,5.0,,,,1.0,,,17.0,0.0,,,,,,1.0,,,,1.0,,,,,36.0,,8.0,,-4.0,,,,,,,,,,,,195,East,7.2,14,10,4,0,9,7,2,0,6,6,0,0,6,3,3,0,290,6,17,8,19,14,0,163,5,1,1115,58,3893,464,302,12,28,69,618,27015,0,31,15,493,23,2008,37,83,79,188,5901,13,,No
86,2022,4362312,Tyler Walton,WR,Ohio,MAC,0.0161,0.0324,0.0,0.0128,0.014,0.029,0.019,0.018,,-0.3,,,,,,,,26.0,,3.0,,,,,10.0,,,,0.0,,,,,107.0,,,,10.8,,,,,,,,,,,,195,East,7.2,14,10,4,0,9,7,2,0,6,6,0,0,6,3,3,0,290,6,17,8,19,14,0,163,5,1,1115,58,3893,464,302,12,28,69,618,27015,0,31,15,493,23,2008,37,83,79,188,5901,13,,No
87,2022,4880236,Will Kacmarek,TE,Ohio,MAC,0.023,0.0463,0.0,0.0128,0.034,0.029,0.01,0.046,,,1.0,,,,,,,32.0,,,,0.0,,0.0,20.0,0.0,1.0,,0.0,0.0,1.0,,,264.0,,0.0,,13.2,,,,,,,,,,,,195,East,7.2,14,10,4,0,9,7,2,0,6,6,0,0,6,3,3,0,290,6,17,8,19,14,0,163,5,1,1115,58,3893,464,302,12,28,69,618,27015,0,31,15,493,23,2008,37,83,79,188,5901,13,,No
88,2022,4430897,Alex Adams,WR,Akron,MAC,0.0878,0.1414,0.0,0.0669,0.077,0.122,0.095,0.112,,,,,,,,,,80.0,,,,0.0,,0.0,56.0,0.0,1.0,,8.0,0.0,1.0,,,832.0,,,,14.9,,,,,,,,,,,,2006,East,1.5,12,2,10,0,8,1,7,0,5,1,4,0,7,1,6,0,254,12,24,12,2,12,1,119,10,0,866,42,3124,457,296,8,13,72,652,19937,0,88,17,348,15,1026,18,58,52,155,4150,22,,No
89,2022,4686857,Anthony Grimes,WR,Akron,MAC,0.0163,0.0262,0.0,0.0141,0.031,0.0,0.015,0.02,,25.5,0.0,,,,2.0,,,77.0,0.0,15.0,,1.0,,0.0,10.0,0.0,0.0,,0.0,0.0,0.0,,,215.0,,0.0,,8.3,,,,,,,,,,,,2006,East,1.5,12,2,10,0,8,1,7,0,5,1,4,0,7,1,6,0,254,12,24,12,2,12,1,119,10,0,866,42,3124,457,296,8,13,72,652,19937,0,88,17,348,15,1026,18,58,52,155,4150,22,,No
90,2022,4569501,Anthony Williams Jr.,RB,Akron,MAC,0.0081,0.0131,0.0,0.0035,0.005,0.026,0.007,0.015,,,,,,,,,,19.0,,,,,,,4.0,,,,0.0,,,,,36.0,,,,9.0,,,,,,,,,,,,2006,East,1.5,12,2,10,0,8,1,7,0,5,1,4,0,7,1,6,0,254,12,24,12,2,12,1,119,10,0,866,42,3124,457,296,8,13,72,652,19937,0,88,17,348,15,1026,18,58,52,155,4150,22,,No
91,2022,4701279,Blake Hester,RB,Akron,MAC,0.0049,0.0,0.0132,0.0106,0.0,0.0,0.0,0.0,,23.5,3.0,,,,1.0,,,55.0,1.0,19.0,,0.0,,0.0,0.0,0.0,2.0,,0.0,0.0,2.0,,,433.0,,3.3,,,,,,,,,,,,,,2006,East,1.5,12,2,10,0,8,1,7,0,5,1,4,0,7,1,6,0,254,12,24,12,2,12,1,119,10,0,866,42,3124,457,296,8,13,72,652,19937,0,88,17,348,15,1026,18,58,52,155,4150,22,,No
92,2022,4916306,Bobby Golden,WR,Akron,MAC,0.0016,0.0026,0.0,0.0,0.0,0.009,0.0,0.005,,18.0,,,,,1.0,,,33.0,1.0,6.0,,0.0,,0.0,1.0,0.0,1.0,,0.0,0.0,1.0,,,95.0,,,,5.0,,,,,,,,,,,,2006,East,1.5,12,2,10,0,8,1,7,0,5,1,4,0,7,1,6,0,254,12,24,12,2,12,1,119,10,0,866,42,3124,457,296,8,13,72,652,19937,0,88,17,348,15,1026,18,58,52,155,4150,22,,No
93,2022,4463590,Caleb Anderson,WR,Akron,MAC,0.0065,0.0105,0.0,0.007,0.005,0.009,0.0,0.01,,,,,,,,,,11.0,,,,,,,4.0,,,,0.0,,,,,31.0,,,,7.8,,,,,,,,,,,,2006,East,1.5,12,2,10,0,8,1,7,0,5,1,4,0,7,1,6,0,254,12,24,12,2,12,1,119,10,0,866,42,3124,457,296,8,13,72,652,19937,0,88,17,348,15,1026,18,58,52,155,4150,22,,No
94,2022,4428858,Cam Wiley,RB,Akron,MAC,0.1593,0.0471,0.3524,0.1831,0.168,0.096,0.241,0.066,,,106.0,,,,,,,70.0,,,,,,,23.0,,,,5.0,,,,,594.0,,4.6,,4.7,,,,,,,,,,,,2006,East,1.5,12,2,10,0,8,1,7,0,5,1,4,0,7,1,6,0,254,12,24,12,2,12,1,119,10,0,866,42,3124,457,296,8,13,72,652,19937,0,88,17,348,15,1026,18,58,52,155,4150,22,,No
95,2022,4917288,Charles Kellom,RB,Akron,MAC,0.0016,0.0,0.0044,0.0,0.005,0.0,0.007,0.0,,,2.0,,,,,,,14.0,,,,,,,,,,,0.0,,,,,27.0,,13.5,,,,,,,,,,,,,,2006,East,1.5,12,2,10,0,8,1,7,0,5,1,4,0,7,1,6,0,254,12,24,12,2,12,1,119,10,0,866,42,3124,457,296,8,13,72,652,19937,0,88,17,348,15,1026,18,58,52,155,4150,22,,No
96,2022,4428278,Clyde Price,RB,Akron,MAC,0.1285,0.0524,0.2599,0.1162,0.158,0.104,0.226,0.082,,11.0,80.0,,,,5.0,,,47.0,2.0,1.0,,0.0,,0.0,27.0,0.0,2.0,,7.0,0.0,3.0,,,366.0,,2.9,,4.6,,,,,,,,,,,,2006,East,1.5,12,2,10,0,8,1,7,0,5,1,4,0,7,1,6,0,254,12,24,12,2,12,1,119,10,0,866,42,3124,457,296,8,13,72,652,19937,0,88,17,348,15,1026,18,58,52,155,4150,22,,No
97,2022,4368768,DJ Irons,QB,Akron,MAC,0.6098,0.7958,0.3128,0.5986,0.592,0.67,0.511,0.694,381.0,,133.0,255.0,,,4.0,7.0,,53.0,3.0,,0.669,0.0,,0.0,0.0,0.0,1.0,,14.0,0.0,1.0,,,2899.0,6.8,2.3,,,,,,,,,,,,,,2006,East,1.5,12,2,10,0,8,1,7,0,5,1,4,0,7,1,6,0,254,12,24,12,2,12,1,119,10,0,866,42,3124,457,296,8,13,72,652,19937,0,88,17,348,15,1026,18,58,52,155,4150,22,,No
98,2022,4361412,Daniel George,WR,Akron,MAC,0.0992,0.1571,0.0044,0.1197,0.077,0.096,0.051,0.102,,,1.0,,,,2.0,,,48.0,2.0,,,,,,60.0,,,,1.0,,,,,693.0,,5.0,,11.5,,,,,,,,,,,,2006,East,1.5,12,2,10,0,8,1,7,0,5,1,4,0,7,1,6,0,254,12,24,12,2,12,1,119,10,0,866,42,3124,457,296,8,13,72,652,19937,0,88,17,348,15,1026,18,58,52,155,4150,22,,No
99,2022,4710843,Jasaiah Gathings,WR,Akron,MAC,0.0016,0.0026,0.0,0.0035,0.0,0.0,0.0,0.0,,,,,,,,,,16.0,,,,,,,1.0,,,,0.0,,,,,16.0,,,,16.0,,,,,,,,,,,,2006,East,1.5,12,2,10,0,8,1,7,0,5,1,4,0,7,1,6,0,254,12,24,12,2,12,1,119,10,0,866,42,3124,457,296,8,13,72,652,19937,0,88,17,348,15,1026,18,58,52,155,4150,22,,No
100,2022,4366715,Jeff Undercuffler,QB,Akron,MAC,0.0959,0.1545,0.0,0.088,0.107,0.113,0.044,0.143,74.0,,11.0,41.0,,,2.0,3.0,,10.0,1.0,,0.554,,,,0.0,,,,3.0,,,,,481.0,7.3,-5.1,,,,,,,,,,,,,,2006,East,1.5,12,2,10,0,8,1,7,0,5,1,4,0,7,1,6,0,254,12,24,12,2,12,1,119,10,0,866,42,3124,457,296,8,13,72,652,19937,0,88,17,348,15,1026,18,58,52,155,4150,22,,No
101,2022,4608750,Jonzell Norrils,RB,Akron,MAC,0.0146,0.0052,0.0308,0.0176,0.02,0.0,0.022,0.005,,,9.0,,,,1.0,,,16.0,1.0,,,,,,2.0,,,,0.0,,,,,38.0,,2.9,,6.0,,,,,,,,,,,,2006,East,1.5,12,2,10,0,8,1,7,0,5,1,4,0,7,1,6,0,254,12,24,12,2,12,1,119,10,0,866,42,3124,457,296,8,13,72,652,19937,0,88,17,348,15,1026,18,58,52,155,4150,22,3.0,Yes
102,2022,4832847,Marquell Darnell,TE,Akron,MAC,0.0016,0.0026,0.0,0.0,0.0,0.009,0.0,0.005,,,,,,,,,,22.0,,,,,,,1.0,,,,0.0,,,,,22.0,,,,22.0,,,,,,,,,,,,2006,East,1.5,12,2,10,0,8,1,7,0,5,1,4,0,7,1,6,0,254,12,24,12,2,12,1,119,10,0,866,42,3124,457,296,8,13,72,652,19937,0,88,17,348,15,1026,18,58,52,155,4150,22,,No
103,2022,4568345,Shawn Naim,WR,Akron,MAC,0.0065,0.0105,0.0,0.0035,0.015,0.0,0.015,0.005,,,,,,,,,,15.0,,,,0.0,,0.0,5.0,0.0,3.0,,0.0,0.0,3.0,,,42.0,,,,8.4,,,,,,,,,,,,2006,East,1.5,12,2,10,0,8,1,7,0,5,1,4,0,7,1,6,0,254,12,24,12,2,12,1,119,10,0,866,42,3124,457,296,8,13,72,652,19937,0,88,17,348,15,1026,18,58,52,155,4150,22,,No
104,2022,4361732,Shocky Jacques-Louis,WR,Akron,MAC,0.0992,0.1597,0.0,0.1021,0.097,0.104,0.073,0.112,,22.0,,,,,1.0,,,132.0,1.0,15.0,,0.0,,0.0,69.0,0.0,3.0,,2.0,0.0,3.0,,,1119.0,,,,11.8,,,,,,,,,,,,2006,East,1.5,12,2,10,0,8,1,7,0,5,1,4,0,7,1,6,0,254,12,24,12,2,12,1,119,10,0,866,42,3124,457,296,8,13,72,652,19937,0,88,17,348,15,1026,18,58,52,155,4150,22,,No
105,2022,4362193,T.J. Banks,TE,Akron,MAC,0.0244,0.0393,0.0,0.0282,0.026,0.017,0.015,0.026,,,,,,,1.0,,,22.0,1.0,,,,,,18.0,,,,0.0,,,,,163.0,,,,9.1,,,,,,,,,,,,2006,East,1.5,12,2,10,0,8,1,7,0,5,1,4,0,7,1,6,0,254,12,24,12,2,12,1,119,10,0,866,42,3124,457,296,8,13,72,652,19937,0,88,17,348,15,1026,18,58,52,155,4150,22,,No
106,2022,4608589,Tristian Brank,TE,Akron,MAC,0.0244,0.0393,0.0,0.0246,0.031,0.017,0.029,0.02,,,,,,,,,,22.0,,,,,,,15.0,,,,1.0,,,,,145.0,,,,9.7,,,,,,,,,,,,2006,East,1.5,12,2,10,0,8,1,7,0,5,1,4,0,7,1,6,0,254,12,24,12,2,12,1,119,10,0,866,42,3124,457,296,8,13,72,652,19937,0,88,17,348,15,1026,18,58,52,155,4150,22,,No
107,2022,4362785,Amir Abdur-Rahman,WR,Ball State,MAC,0.0421,0.0771,0.0,0.0392,0.03,0.061,0.033,0.053,,,,,,,,,,39.0,,,,,,,23.0,,,,1.0,,,,,230.0,,,,10.0,,,,,,,,,,,,2050,West,3.7,12,5,7,0,8,3,5,0,6,3,3,0,6,2,4,0,256,6,19,7,10,12,0,44,14,0,473,22,2738,481,287,7,18,73,691,20158,0,57,13,417,14,1893,25,65,67,185,4631,21,,No
108,2022,4683210,Brady Hunt,TE,Ball State,MAC,0.0668,0.1224,0.0,0.042,0.09,0.091,0.061,0.11,,,,,,,,,,30.0,,,,0.0,,0.0,46.0,0.0,1.0,,5.0,0.0,1.0,,,498.0,,,,10.8,,,,,,,,,,,,2050,West,3.7,12,5,7,0,8,3,5,0,6,3,3,0,6,2,4,0,256,6,19,7,10,12,0,44,14,0,473,22,2738,481,287,7,18,73,691,20158,0,57,13,417,14,1893,25,65,67,185,4631,21,,No
109,2022,4714365,Carson Steele,RB,Ball State,MAC,0.349,0.0567,0.7199,0.4174,0.377,0.17,0.444,0.176,,,290.0,,,,3.0,,,77.0,2.0,,,0.0,,0.0,28.0,0.0,1.0,,15.0,0.0,1.0,,,1744.0,,5.5,,5.8,,,,,,,,,,,,2050,West,3.7,12,5,7,0,8,3,5,0,6,3,3,0,6,2,4,0,256,6,19,7,10,12,0,44,14,0,473,22,2738,481,287,7,18,73,691,20158,0,57,13,417,14,1893,25,65,67,185,4631,21,4.0,Yes
110,2022,4875389,Casey Coll,TE,Ball State,MAC,0.0012,0.0023,0.0,0.0028,0.0,0.0,0.0,0.0,,,,,,,,,,23.0,,,,0.0,,0.0,2.0,0.0,0.0,,0.0,0.0,3.0,,,27.0,,,,13.5,,,,,,,,,,,,2050,West,3.7,12,5,7,0,8,3,5,0,6,3,3,0,6,2,4,0,256,6,19,7,10,12,0,44,14,0,473,22,2738,481,287,7,18,73,691,20158,0,57,13,417,14,1893,25,65,67,185,4631,21,,No
111,2022,4578333,Dean Tate,WR,Ball State,MAC,0.0062,0.0091,0.0028,0.0056,0.007,0.006,0.0,0.012,,1.0,1.0,,,,,,,9.0,,1.0,,0.0,,0.0,3.0,0.0,2.0,,0.0,0.5,4.0,,,20.0,,0.0,,6.3,,,,,,,,,,,,2050,West,3.7,12,5,7,0,8,3,5,0,6,3,3,0,6,2,4,0,256,6,19,7,10,12,0,44,14,0,473,22,2738,481,287,7,18,73,691,20158,0,57,13,417,14,1893,25,65,67,185,4631,21,,No
112,2022,4686940,Donny Marcus,RB,Ball State,MAC,0.0037,0.0,0.0084,0.0028,0.007,0.0,0.0,0.008,,,3.0,,,,,,,3.0,,,,0.0,,0.0,,0.0,0.0,,0.0,0.0,1.0,,,1.0,,0.3,,,,,,,,,,,,,,2050,West,3.7,12,5,7,0,8,3,5,0,6,3,3,0,6,2,4,0,256,6,19,7,10,12,0,44,14,0,473,22,2738,481,287,7,18,73,691,20158,0,57,13,417,14,1893,25,65,67,185,4631,21,,No
113,2022,4360073,Jayshon Jackson,WR,Ball State,MAC,0.1597,0.2653,0.0336,0.1429,0.127,0.255,0.164,0.18,,5.1,13.0,,,,1.0,,,83.0,1.0,11.0,,,,,74.0,,,,3.0,,,,,990.0,,8.1,,11.2,,,,,,,,,,,,2050,West,3.7,12,5,7,0,8,3,5,0,6,3,3,0,6,2,4,0,256,6,19,7,10,12,0,44,14,0,473,22,2738,481,287,7,18,73,691,20158,0,57,13,417,14,1893,25,65,67,185,4631,21,,No
114,2022,4361636,John Paddock,QB,Ball State,MAC,0.5619,0.9977,0.0392,0.4622,0.56,0.764,0.486,0.763,480.0,,27.0,286.0,,,2.0,14.0,,15.0,1.0,,0.596,0.0,,0.0,0.0,0.0,1.0,,18.0,0.0,1.0,,,2631.0,5.7,-3.1,,,,,,,,,,,,,,2050,West,3.7,12,5,7,0,8,3,5,0,6,3,3,0,6,2,4,0,256,6,19,7,10,12,0,44,14,0,473,22,2738,481,287,7,18,73,691,20158,0,57,13,417,14,1893,25,65,67,185,4631,21,3.0,Yes
115,2022,4917436,Nick Presley,WR,Ball State,MAC,0.0136,0.0227,0.0028,0.014,0.011,0.018,0.005,0.02,,,1.0,,,,,,,20.0,,,,,,,6.0,,,,0.0,,,,,40.0,,5.0,,5.8,,,,,,,,,,,,2050,West,3.7,12,5,7,0,8,3,5,0,6,3,3,0,6,2,4,0,256,6,19,7,10,12,0,44,14,0,473,22,2738,481,287,7,18,73,691,20158,0,57,13,417,14,1893,25,65,67,185,4631,21,,No
116,2022,4586330,Rico Barfield,RB,Ball State,MAC,0.0198,0.0023,0.042,0.0196,0.022,0.018,0.023,0.016,,,15.0,,,,,,,20.0,,,,0.0,,0.0,1.0,0.0,0.0,,0.0,0.0,1.0,,,63.0,,4.0,,3.0,,,,,,,,,,,,2050,West,3.7,12,5,7,0,8,3,5,0,6,3,3,0,6,2,4,0,256,6,19,7,10,12,0,44,14,0,473,22,2738,481,287,7,18,73,691,20158,0,57,13,417,14,1893,25,65,67,185,4631,21,,No
117,2022,4433841,Ryan Lezon,TE,Ball State,MAC,0.0087,0.0136,0.0028,0.0056,0.015,0.006,0.009,0.012,,15.0,1.0,,,,,,,33.0,,1.0,,0.0,,0.0,5.0,0.0,0.0,,0.0,0.0,2.0,,,51.0,,3.0,,6.6,,,,,,,,,,,,2050,West,3.7,12,5,7,0,8,3,5,0,6,3,3,0,6,2,4,0,256,6,19,7,10,12,0,44,14,0,473,22,2738,481,287,7,18,73,691,20158,0,57,13,417,14,1893,25,65,67,185,4631,21,,No
118,2022,4917427,Tanner Koziol,TE,Ball State,MAC,0.0631,0.1156,0.0,0.0476,0.075,0.073,0.056,0.09,,,,,,,,,,30.0,,,,0.0,,0.0,35.0,0.0,1.0,,7.0,0.0,1.0,,,373.0,,,,10.7,,,,,,,,,,,,2050,West,3.7,12,5,7,0,8,3,5,0,6,3,3,0,6,2,4,0,256,6,19,7,10,12,0,44,14,0,473,22,2738,481,287,7,18,73,691,20158,0,57,13,417,14,1893,25,65,67,185,4631,21,,No
119,2022,4709788,Vaughn Pemberton,RB,Ball State,MAC,0.0507,0.0181,0.0924,0.0644,0.049,0.03,0.051,0.029,,,35.0,,,,,,,24.0,,,,,,,7.0,,,,0.0,,,,,162.0,,3.8,,4.1,,,,,,,,,,,,2050,West,3.7,12,5,7,0,8,3,5,0,6,3,3,0,6,2,4,0,256,6,19,7,10,12,0,44,14,0,473,22,2738,481,287,7,18,73,691,20158,0,57,13,417,14,1893,25,65,67,185,4631,21,,No
120,2022,4261851,Will Jones,RB,Ball State,MAC,0.0272,0.0181,0.0392,0.0364,0.019,0.024,0.019,0.02,,,14.0,,,,1.0,,,55.0,1.0,,,0.0,,0.0,10.0,0.0,1.0,,0.0,0.0,1.0,,,110.0,,2.9,,7.7,,,,,,,,,,,,2050,West,3.7,12,5,7,0,8,3,5,0,6,3,3,0,6,2,4,0,256,6,19,7,10,12,0,44,14,0,473,22,2738,481,287,7,18,73,691,20158,0,57,13,417,14,1893,25,65,67,185,4631,21,,No
121,2022,4361646,Yo'Heinz Tyler,WR,Ball State,MAC,0.0829,0.1497,0.0028,0.0672,0.09,0.097,0.061,0.127,,,,,,,1.0,,,23.0,1.0,,,0.0,,0.0,48.0,0.0,2.0,,1.0,0.0,2.0,,,430.0,,,,9.0,,,,,,,,,,,,2050,West,3.7,12,5,7,0,8,3,5,0,6,3,3,0,6,2,4,0,256,6,19,7,10,12,0,44,14,0,473,22,2738,481,287,7,18,73,691,20158,0,57,13,417,14,1893,25,65,67,185,4631,21,,No
122,2022,4426684,Andrew Bench,TE,Bowling Green,MAC,0.0125,0.0228,0.0,0.0132,0.013,0.013,0.018,0.008,,-1.0,,,,,1.0,,,30.0,1.0,1.0,,,,,9.0,,,,2.0,,,,,108.0,,,,12.1,,,,,,,,,,,,189,East,4.8,13,6,7,0,8,5,3,0,6,3,3,0,6,3,3,0,226,11,25,12,15,13,1,142,11,1,863,40,3062,440,267,10,25,100,896,22628,2,200,16,415,8,1283,37,81,64,188,4345,23,,No
123,2022,4361092,Austin Osborne,WR,Bowling Green,MAC,0.0028,0.0051,0.0,0.0033,0.004,0.0,0.006,0.0,,,,,,,,,,10.0,,,,,,,2.0,,,,0.0,,,,,19.0,,,,9.5,,,,,,,,,,,,189,East,4.8,13,6,7,0,8,5,3,0,6,3,3,0,6,3,3,0,226,11,25,12,15,13,1,142,11,1,863,40,3062,440,267,10,25,100,896,22628,2,200,16,415,8,1283,37,81,64,188,4345,23,,No
124,2022,4239938,CJ Lewis,WR,Bowling Green,MAC,0.0444,0.0812,0.0,0.0429,0.034,0.069,0.029,0.056,2.0,,1.0,1.0,,,,0.0,,34.0,,,0.5,,,,26.0,,,,2.0,,,,,366.0,7.5,-1.0,,13.5,,,,,,,,,,,,189,East,4.8,13,6,7,0,8,5,3,0,6,3,3,0,6,3,3,0,226,11,25,12,15,13,1,142,11,1,863,40,3062,440,267,10,25,100,896,22628,2,200,16,415,8,1283,37,81,64,188,4345,23,,No
125,2022,4577962,Camden Orth,QB,Bowling Green,MAC,0.0943,0.1396,0.0405,0.0858,0.102,0.106,0.088,0.111,57.0,,19.0,34.0,,,2.0,2.0,,17.0,0.0,,0.596,,,,0.0,,,,4.0,,,,,429.0,6.6,2.7,,,,,,,,,,,,,,189,East,4.8,13,6,7,0,8,5,3,0,6,3,3,0,6,3,3,0,226,11,25,12,15,13,1,142,11,1,863,40,3062,440,267,10,25,100,896,22628,2,200,16,415,8,1283,37,81,64,188,4345,23,,No
126,2022,4577516,Cavon Croom,WR,Bowling Green,MAC,0.0264,0.0457,0.0031,0.0264,0.025,0.031,0.029,0.024,,,3.0,,,,,,,36.0,,,,0.0,,0.0,18.0,0.0,3.0,,1.0,0.0,4.0,,,167.0,,2.7,,8.8,,,,,,,,,,,,189,East,4.8,13,6,7,0,8,5,3,0,6,3,3,0,6,3,3,0,226,11,25,12,15,13,1,142,11,1,863,40,3062,440,267,10,25,100,896,22628,2,200,16,415,8,1283,37,81,64,188,4345,23,,No
127,2022,4428501,Christian Sims,TE,Bowling Green,MAC,0.0749,0.1345,0.0031,0.0594,0.089,0.088,0.059,0.107,,,2.0,,,,1.0,,,40.0,1.0,,,0.0,,0.0,45.0,0.0,1.0,,2.0,0.0,1.0,,,465.0,,3.5,,10.2,,,,,,,,,,,,189,East,4.8,13,6,7,0,8,5,3,0,6,3,3,0,6,3,3,0,226,11,25,12,15,13,1,142,11,1,863,40,3062,440,267,10,25,100,896,22628,2,200,16,415,8,1283,37,81,64,188,4345,23,,No
128,2022,4433847,Griffin Little,TE,Bowling Green,MAC,0.0028,0.0051,0.0,0.0,0.004,0.006,0.0,0.008,,,,,,,,,,13.0,,,,,,,2.0,,,,0.0,,,,,17.0,,,,8.5,,,,,,,,,,,,189,East,4.8,13,6,7,0,8,5,3,0,6,3,3,0,6,3,3,0,226,11,25,12,15,13,1,142,11,1,863,40,3062,440,267,10,25,100,896,22628,2,200,16,415,8,1283,37,81,64,188,4345,23,,No
129,2022,5083076,Harold Fannin,TE,Bowling Green,MAC,0.0444,0.0584,0.028,0.0363,0.055,0.044,0.076,0.032,1.0,,10.0,0.0,,,,0.0,,66.0,,,0.0,,,,19.0,,,,5.0,,,,,271.0,0.0,5.3,,11.5,,,,,,,,,,,,189,East,4.8,13,6,7,0,8,5,3,0,6,3,3,0,6,3,3,0,226,11,25,12,15,13,1,142,11,1,863,40,3062,440,267,10,25,100,896,22628,2,200,16,415,8,1283,37,81,64,188,4345,23,,No
130,2022,4612211,Jaison Patterson,RB,Bowling Green,MAC,0.1789,0.0152,0.3832,0.2343,0.174,0.094,0.194,0.103,,21.0,135.0,,,,3.0,,,68.0,2.0,1.0,,,,,7.0,,,,1.0,,,,,635.0,,4.3,,4.4,,,,,,,,,,,,189,East,4.8,13,6,7,0,8,5,3,0,6,3,3,0,6,3,3,0,226,11,25,12,15,13,1,142,11,1,863,40,3062,440,267,10,25,100,896,22628,2,200,16,415,8,1283,37,81,64,188,4345,23,,No
131,2022,4685827,Jamal Johnson,RB,Bowling Green,MAC,0.0846,0.0228,0.162,0.0858,0.102,0.063,0.088,0.079,,,54.0,,,,1.0,,,31.0,1.0,,,,,,5.0,,,,0.0,,,,,263.0,,4.6,,3.2,,,,,,,,,,,,189,East,4.8,13,6,7,0,8,5,3,0,6,3,3,0,6,3,3,0,226,11,25,12,15,13,1,142,11,1,863,40,3062,440,267,10,25,100,896,22628,2,200,16,415,8,1283,37,81,64,188,4345,23,,No
132,2022,4833028,Jaylen Jennings,RB,Bowling Green,MAC,0.0083,0.0,0.0187,0.0099,0.013,0.0,0.012,0.004,,,6.0,,,,,,,8.0,,,,,,,,,,,0.0,,,,,28.0,,4.7,,,,,,,,,,,,,,189,East,4.8,13,6,7,0,8,5,3,0,6,3,3,0,6,3,3,0,226,11,25,12,15,13,1,142,11,1,863,40,3062,440,267,10,25,100,896,22628,2,200,16,415,8,1283,37,81,64,188,4345,23,3.0,Yes
133,2022,4605842,Jhaylin Embry,WR,Bowling Green,MAC,0.0028,0.0025,0.0031,0.0066,0.0,0.0,0.0,0.0,,38.400000000000006,3.0,,,,,,,129.0,,15.0,,,,,2.0,,,,0.0,,,,,387.0,,8.7,,21.0,,,,,,,,,,,,189,East,4.8,13,6,7,0,8,5,3,0,6,3,3,0,6,3,3,0,226,11,25,12,15,13,1,142,11,1,863,40,3062,440,267,10,25,100,896,22628,2,200,16,415,8,1283,37,81,64,188,4345,23,,No
134,2022,4433825,Levi Gazarek,TE,Bowling Green,MAC,0.0055,0.0076,0.0031,0.0,0.004,0.013,0.006,0.012,,0.0,1.0,,,,,,,7.0,,1.0,,0.0,,0.0,3.0,0.0,1.0,,0.0,0.0,1.0,,,14.0,,2.0,,4.0,,,,,,,,,,,,189,East,4.8,13,6,7,0,8,5,3,0,6,3,3,0,6,3,3,0,226,11,25,12,15,13,1,142,11,1,863,40,3062,440,267,10,25,100,896,22628,2,200,16,415,8,1283,37,81,64,188,4345,23,,No
135,2022,4239937,Matt McDonald,QB,Bowling Green,MAC,0.4993,0.8376,0.0935,0.4092,0.5,0.656,0.453,0.639,380.0,,71.0,232.0,,,4.0,9.0,,31.0,2.0,,0.611,0.0,,0.0,1.0,0.0,1.0,,23.0,0.0,2.0,,,2658.0,7.0,-0.1,,-2.0,,,,,,,,,,,,189,East,4.8,13,6,7,0,8,5,3,0,6,3,3,0,6,3,3,0,226,11,25,12,15,13,1,142,11,1,863,40,3062,440,267,10,25,100,896,22628,2,200,16,415,8,1283,37,81,64,188,4345,23,,No
136,2022,4689193,Nick Mosley,RB,Bowling Green,MAC,0.0319,0.0025,0.0685,0.0594,0.021,0.0,0.018,0.008,,21.0,23.0,,,,,,,42.0,,1.0,,0.0,,0.0,2.0,0.0,0.0,,0.0,0.0,1.0,,,127.0,,4.0,,7.0,,,,,,,,,,,,189,East,4.8,13,6,7,0,8,5,3,0,6,3,3,0,6,3,3,0,226,11,25,12,15,13,1,142,11,1,863,40,3062,440,267,10,25,100,896,22628,2,200,16,415,8,1283,37,81,64,188,4345,23,,No
137,2022,4578462,Odieu Hilaire,WR,Bowling Green,MAC,0.0999,0.1726,0.0125,0.0825,0.11,0.125,0.106,0.115,,16.7,6.0,,,,1.0,,,86.0,1.0,3.0,,,,,59.0,,,,6.0,,,,,818.0,,0.8,,12.9,,,,,,,,,,,,189,East,4.8,13,6,7,0,8,5,3,0,6,3,3,0,6,3,3,0,226,11,25,12,15,13,1,142,11,1,863,40,3062,440,267,10,25,100,896,22628,2,200,16,415,8,1283,37,81,64,188,4345,23,,No
138,2022,4570428,PaSean Wimberly,RB,Bowling Green,MAC,0.018,0.0025,0.0374,0.0198,0.017,0.013,0.029,0.008,,14.7,17.0,,,,,,,45.0,,3.0,,0.0,,0.0,,0.0,2.0,,0.0,0.0,6.0,,,103.0,,3.5,,,,,,,,,,,,,,189,East,4.8,13,6,7,0,8,5,3,0,6,3,3,0,6,3,3,0,226,11,25,12,15,13,1,142,11,1,863,40,3062,440,267,10,25,100,896,22628,2,200,16,415,8,1283,37,81,64,188,4345,23,,No
139,2022,4575831,Taron Keith,RB,Bowling Green,MAC,0.0846,0.0609,0.1153,0.1023,0.076,0.069,0.059,0.079,,25.8,47.0,,,,2.0,,,157.0,1.0,19.0,,0.0,,0.0,35.0,0.0,2.0,,7.0,0.0,2.0,,,1034.0,,4.1,,9.9,,,,,,,,,,,,189,East,4.8,13,6,7,0,8,5,3,0,6,3,3,0,6,3,3,0,226,11,25,12,15,13,1,142,11,1,863,40,3062,440,267,10,25,100,896,22628,2,200,16,415,8,1283,37,81,64,188,4345,23,,No
140,2022,4429313,Tyrone Broden Jr.,WR,Bowling Green,MAC,0.061,0.1117,0.0,0.066,0.042,0.081,0.041,0.067,,,,,,,0.0,,,44.0,0.0,,,0.0,,0.0,34.0,0.0,1.0,,7.0,0.0,1.0,,,506.0,,,,15.8,,,,,,,,,,,,189,East,4.8,13,6,7,0,8,5,3,0,6,3,3,0,6,3,3,0,226,11,25,12,15,13,1,142,11,1,863,40,3062,440,267,10,25,100,896,22628,2,200,16,415,8,1283,37,81,64,188,4345,23,,No
141,2022,4687413,Antario Brown,RB,Northern Illinois,MAC,0.1261,0.0031,0.2154,0.1712,0.126,0.047,0.132,0.06,,,110.0,,,,,,,93.0,,,,,,,1.0,,,,7.0,,,,,696.0,,6.3,,7.0,,,,,,,,,,,,2459,West,5.7,12,3,9,0,8,2,6,0,6,1,5,0,6,2,4,0,225,10,21,2,14,12,1,41,14,0,434,26,2192,328,185,8,18,76,750,22176,0,13,6,478,19,2285,29,55,67,171,4477,16,,No
142,2022,4686820,Billy Dozier,WR,Northern Illinois,MAC,0.0127,0.0157,0.011,0.015,0.008,0.018,0.019,0.004,,17.3,5.0,,,,,,,49.0,,8.0,,0.0,,0.0,3.0,0.0,1.0,,0.0,0.0,3.0,,,149.0,,1.4,,1.3,,,,,,,,,,,,2459,West,5.7,12,3,9,0,8,2,6,0,6,1,5,0,6,2,4,0,225,10,21,2,14,12,1,41,14,0,434,26,2192,328,185,8,18,76,750,22176,0,13,6,478,19,2285,29,55,67,171,4477,16,,No
143,2022,4875767,Brock Lampe,FB,Northern Illinois,MAC,0.0025,0.0063,0.0,0.003,0.0,0.006,0.005,0.0,,,,,,,,,,31.0,,,,0.0,,0.0,2.0,0.0,2.0,,0.0,0.0,2.0,,,38.0,,,,19.0,,,,,,,,,,,,2459,West,5.7,12,3,9,0,8,2,6,0,6,1,5,0,6,2,4,0,225,10,21,2,14,12,1,41,14,0,434,26,2192,328,185,8,18,76,750,22176,0,13,6,478,19,2285,29,55,67,171,4477,16,,No
144,2022,4258577,Cole Tucker,WR,Northern Illinois,MAC,0.0879,0.2163,0.0,0.0661,0.107,0.107,0.047,0.156,,2.5,,,,,,,,74.0,,4.0,,0.0,,0.0,46.0,0.0,1.0,,4.0,0.0,1.0,,,640.0,,,,13.7,,,,,,,,,,,,2459,West,5.7,12,3,9,0,8,2,6,0,6,1,5,0,6,2,4,0,225,10,21,2,14,12,1,41,14,0,434,26,2192,328,185,8,18,76,750,22176,0,13,6,478,19,2285,29,55,67,171,4477,16,,No
145,2022,4686817,Drew Cassens,TE,Northern Illinois,MAC,0.0038,0.0094,0.0,0.003,0.004,0.006,0.009,0.0,,,,,,,,,,13.0,,,,,,,3.0,,,,1.0,,,,,19.0,,,,6.3,,,,,,,,,,,,2459,West,5.7,12,3,9,0,8,2,6,0,6,1,5,0,6,2,4,0,225,10,21,2,14,12,1,41,14,0,434,26,2192,328,185,8,18,76,750,22176,0,13,6,478,19,2285,29,55,67,171,4477,16,,No
146,2022,4618083,Ethan Hampton,QB,Northern Illinois,MAC,0.1567,0.3636,0.0154,0.1261,0.172,0.189,0.137,0.216,122.0,,12.0,72.0,,,1.0,6.0,0.0,60.0,1.0,1.0,0.59,,,,0.0,,,1.0,7.0,,,,,843.0,6.5,-0.5,51.0,,,,,,,,,,,,,2459,West,5.7,12,3,9,0,8,2,6,0,6,1,5,0,6,2,4,0,225,10,21,2,14,12,1,41,14,0,434,26,2192,328,185,8,18,76,750,22176,0,13,6,478,19,2285,29,55,67,171,4477,16,,No
147,2022,4430105,Fabian Mccray,WR,Northern Illinois,MAC,0.0293,0.0721,0.0,0.03,0.027,0.024,0.014,0.04,,15.0,,,,,,,,53.0,,2.0,,0.0,,0.0,13.0,0.0,1.0,,0.0,0.0,4.0,,,204.0,,,,13.4,,,,,,,,,,,,2459,West,5.7,12,3,9,0,8,2,6,0,6,1,5,0,6,2,4,0,225,10,21,2,14,12,1,41,14,0,434,26,2192,328,185,8,18,76,750,22176,0,13,6,478,19,2285,29,55,67,171,4477,16,,No
148,2022,4576294,Harrison Waylee,RB,Northern Illinois,MAC,0.2318,0.0658,0.3538,0.2883,0.191,0.195,0.245,0.148,,,165.0,,,,,,,101.0,,,,,,,17.0,,,,5.0,,,,,1018.0,,5.4,,7.0,,,,,,,,,,,,2459,West,5.7,12,3,9,0,8,2,6,0,6,1,5,0,6,2,4,0,225,10,21,2,14,12,1,41,14,0,434,26,2192,328,185,8,18,76,750,22176,0,13,6,478,19,2285,29,55,67,171,4477,16,2.0,Yes
149,2022,4837462,Jaiden Credle,RB,Northern Illinois,MAC,0.0892,0.0,0.1538,0.1201,0.095,0.03,0.108,0.028,,19.7,72.0,,,,1.0,,,79.0,0.0,3.0,,,,,0.0,,,,1.0,,,,,347.0,,4.0,,,,,,,,,,,,,,2459,West,5.7,12,3,9,0,8,2,6,0,6,1,5,0,6,2,4,0,225,10,21,2,14,12,1,41,14,0,434,26,2192,328,185,8,18,76,750,22176,0,13,6,478,19,2285,29,55,67,171,4477,16,2.0,Yes
150,2022,4683282,Justin Lynch,RB,Northern Illinois,MAC,0.1096,0.0815,0.1319,0.0781,0.111,0.154,0.146,0.12,28.0,,64.0,13.0,,,3.0,0.0,0.0,62.0,0.0,1.0,0.464,0.0,,0.0,0.0,0.0,1.0,0.0,3.0,0.0,1.0,,,436.0,5.2,4.4,10.0,,,,,,,,,,,,,2459,West,5.7,12,3,9,0,8,2,6,0,6,1,5,0,6,2,4,0,225,10,21,2,14,12,1,41,14,0,434,26,2192,328,185,8,18,76,750,22176,0,13,6,478,19,2285,29,55,67,171,4477,16,,No
151,2022,4571896,Kacper Rutkiewicz,WR,Northern Illinois,MAC,0.0484,0.1034,0.011,0.036,0.057,0.047,0.052,0.06,,17.0,5.0,,,,,,,92.0,,2.0,,0.0,,0.0,26.0,0.0,1.0,,7.0,0.0,1.0,,,494.0,,9.0,,16.6,,,,,,,,,,,,2459,West,5.7,12,3,9,0,8,2,6,0,6,1,5,0,6,2,4,0,225,10,21,2,14,12,1,41,14,0,434,26,2192,328,185,8,18,76,750,22176,0,13,6,478,19,2285,29,55,67,171,4477,16,,No
152,2022,4910238,Keyshaun Pipkin,WR,Northern Illinois,MAC,0.0013,0.0,0.0022,0.003,0.0,0.0,0.0,0.0,,,1.0,,,,,,,5.0,,,,,,,,,,,0.0,,,,,5.0,,5.0,,,,,,,,,,,,,,2459,West,5.7,12,3,9,0,8,2,6,0,6,1,5,0,6,2,4,0,225,10,21,2,14,12,1,41,14,0,434,26,2192,328,185,8,18,76,750,22176,0,13,6,478,19,2285,29,55,67,171,4477,16,,No
153,2022,4258575,Liam Soraghan,TE,Northern Illinois,MAC,0.0204,0.0502,0.0,0.018,0.034,0.006,0.009,0.032,,,,,,,,,,17.0,,,,0.0,,0.0,11.0,0.0,1.0,,3.0,0.0,1.0,,,93.0,,,,8.5,,,,,,,,,,,,2459,West,5.7,12,3,9,0,8,2,6,0,6,1,5,0,6,2,4,0,225,10,21,2,14,12,1,41,14,0,434,26,2192,328,185,8,18,76,750,22176,0,13,6,478,19,2285,29,55,67,171,4477,16,,No
154,2022,4875755,Mason Blakemore,RB,Northern Illinois,MAC,0.0357,0.0157,0.0505,0.042,0.027,0.036,0.033,0.032,,16.9,23.0,,,,1.0,,,66.0,0.0,11.0,,,,,4.0,,,,1.0,,,,,307.0,,3.8,,8.3,,,,,,,,,,,,2459,West,5.7,12,3,9,0,8,2,6,0,6,1,5,0,6,2,4,0,225,10,21,2,14,12,1,41,14,0,434,26,2192,328,185,8,18,76,750,22176,0,13,6,478,19,2285,29,55,67,171,4477,16,,No
155,2022,4428699,Messiah Travis,WR,Northern Illinois,MAC,0.0166,0.0376,0.0022,0.009,0.031,0.012,0.019,0.024,,,1.0,,,,,,,13.0,,,,0.0,,0.0,9.0,0.0,2.0,,1.0,0.0,3.0,,,74.0,,-7.0,,9.0,,,,,,,,,,,,2459,West,5.7,12,3,9,0,8,2,6,0,6,1,5,0,6,2,4,0,225,10,21,2,14,12,1,41,14,0,434,26,2192,328,185,8,18,76,750,22176,0,13,6,478,19,2285,29,55,67,171,4477,16,,No
156,2022,4250160,Miles Joiner,TE,Northern Illinois,MAC,0.0038,0.0094,0.0,0.003,0.004,0.006,0.0,0.008,,,,,,,,,,11.0,,,,,,,1.0,,,,0.0,,,,,11.0,,,,11.0,,,,,,,,,,,,2459,West,5.7,12,3,9,0,8,2,6,0,6,1,5,0,6,2,4,0,225,10,21,2,14,12,1,41,14,0,434,26,2192,328,185,8,18,76,750,22176,0,13,6,478,19,2285,29,55,67,171,4477,16,,No
157,2022,4917421,Nevan Cremascoli,QB,Northern Illinois,MAC,0.1312,0.3041,0.0132,0.0661,0.153,0.195,0.108,0.232,102.0,,9.0,49.0,,,1.0,7.0,,10.0,1.0,,0.48,,,,0.0,,,,5.0,,,,,610.0,5.9,1.1,,,,,,,,,,,,,,2459,West,5.7,12,3,9,0,8,2,6,0,6,1,5,0,6,2,4,0,225,10,21,2,14,12,1,41,14,0,434,26,2192,328,185,8,18,76,750,22176,0,13,6,478,19,2285,29,55,67,171,4477,16,,No
158,2022,4241965,Rocky Lombardi,QB,Northern Illinois,MAC,0.1006,0.2382,0.0066,0.0811,0.103,0.142,0.057,0.164,75.0,,6.0,50.0,,,,1.0,,8.0,,,0.667,,,,,,,,6.0,,,,,646.0,8.6,0.2,,,,,,,,,,,,,,2459,West,5.7,12,3,9,0,8,2,6,0,6,1,5,0,6,2,4,0,225,10,21,2,14,12,1,41,14,0,434,26,2192,328,185,8,18,76,750,22176,0,13,6,478,19,2285,29,55,67,171,4477,16,,No
159,2022,4374272,Shemar Thornton,WR,Northern Illinois,MAC,0.0688,0.1693,0.0,0.048,0.073,0.101,0.052,0.108,1.0,,,1.0,,,,0.0,,38.0,,,1.0,,,,30.0,,,,1.0,,,,,330.0,3.0,,,10.9,,,,,,,,,,,,2459,West,5.7,12,3,9,0,8,2,6,0,6,1,5,0,6,2,4,0,225,10,21,2,14,12,1,41,14,0,434,26,2192,328,185,8,18,76,750,22176,0,13,6,478,19,2285,29,55,67,171,4477,16,,No
160,2022,4428643,Tristen Tewes,TE,Northern Illinois,MAC,0.0255,0.0627,0.0,0.006,0.031,0.053,0.042,0.036,,,,,,,,,,34.0,,,,,,,15.0,,,,3.0,,,,,180.0,,,,12.0,,,,,,,,,,,,2459,West,5.7,12,3,9,0,8,2,6,0,6,1,5,0,6,2,4,0,225,10,21,2,14,12,1,41,14,0,434,26,2192,328,185,8,18,76,750,22176,0,13,6,478,19,2285,29,55,67,171,4477,16,,No
161,2022,4576189,Aveon Smith,QB,Miami (OH),MAC,0.3695,0.5425,0.2271,0.2969,0.331,0.532,0.371,0.451,217.0,,123.0,108.0,,,3.0,5.0,,73.0,1.0,,0.498,0.0,,0.0,0.0,0.0,0.0,,17.0,0.0,1.0,,,1852.0,6.0,4.5,,,,,,,,,,,,,,193,East,3.6,13,6,7,0,8,4,4,0,5,3,2,0,6,3,3,0,223,11,22,6,13,13,1,173,5,0,299,18,2152,337,184,11,15,71,628,23410,0,172,24,483,14,1831,28,57,59,185,3983,11,,No
162,2022,4427243,Brett Gabbert,QB,Miami (OH),MAC,0.1875,0.336,0.0644,0.1921,0.18,0.194,0.169,0.195,115.0,,39.0,74.0,,,3.0,0.0,,18.0,1.0,,0.643,0.0,,0.0,0.0,0.0,1.0,,5.0,0.0,1.0,,,871.0,7.1,1.4,,,,,,,,,,,,,,193,East,3.6,13,6,7,0,8,4,4,0,5,3,2,0,6,3,3,0,223,11,22,6,13,13,1,173,5,0,299,18,2152,337,184,11,15,71,628,23410,0,172,24,483,14,1831,28,57,59,185,3983,11,,No
163,2022,4701307,Henry Hesson,QB,Miami (OH),MAC,0.0074,0.0081,0.0068,0.0044,0.006,0.016,0.0,0.015,5.0,,2.0,2.0,,,,0.0,,9.0,,,0.4,,,,,,,,0.0,,,,,54.0,7.4,8.5,,,,,,,,,,,,,,193,East,3.6,13,6,7,0,8,4,4,0,5,3,2,0,6,3,3,0,223,11,22,6,13,13,1,173,5,0,299,18,2152,337,184,11,15,71,628,23410,0,172,24,483,14,1831,28,57,59,185,3983,11,,No
164,2022,4426952,Jack Coldiron,TE,Miami (OH),MAC,0.0349,0.0769,0.0,0.0437,0.041,0.016,0.024,0.031,,,,,,,,,,43.0,,,,0.0,,0.0,24.0,0.0,1.0,,1.0,0.0,1.0,,,286.0,,,,11.9,,,,,,,,,,,,193,East,3.6,13,6,7,0,8,4,4,0,5,3,2,0,6,3,3,0,223,11,22,6,13,13,1,173,5,0,299,18,2152,337,184,11,15,71,628,23410,0,172,24,483,14,1831,28,57,59,185,3983,11,,No
165,2022,4244306,Jalen Walker,WR,Miami (OH),MAC,0.0386,0.081,0.0034,0.0262,0.023,0.073,0.032,0.056,,26.700000000000003,2.0,,,,,,,106.0,,25.0,,0.0,,0.0,28.0,0.0,1.0,,0.0,0.0,1.0,,,568.0,,-2.0,,9.9,,,,,,,,,,,,193,East,3.6,13,6,7,0,8,4,4,0,5,3,2,0,6,3,3,0,223,11,22,6,13,13,1,173,5,0,299,18,2152,337,184,11,15,71,628,23410,0,172,24,483,14,1831,28,57,59,185,3983,11,,No
166,2022,4244304,Jaylon Bester,RB,Miami (OH),MAC,0.0037,0.0,0.0068,0.0044,0.006,0.0,0.008,0.0,,,10.0,,,,2.0,,,11.0,2.0,,,0.0,,0.0,0.0,0.0,1.0,,0.0,0.0,1.0,,,17.0,,1.7,,,,,,,,,,,,,,193,East,3.6,13,6,7,0,8,4,4,0,5,3,2,0,6,3,3,0,223,11,22,6,13,13,1,173,5,0,299,18,2152,337,184,11,15,71,628,23410,0,172,24,483,14,1831,28,57,59,185,3983,11,,No
167,2022,4565532,Jordan Brunson,RB,Miami (OH),MAC,0.0074,0.0,0.0136,0.0,0.012,0.016,0.008,0.015,,,7.0,,,,,,,5.0,,,,,,,,,,,0.0,,,,,15.0,,2.1,,,,,,,,,,,,,,193,East,3.6,13,6,7,0,8,4,4,0,5,3,2,0,6,3,3,0,223,11,22,6,13,13,1,173,5,0,299,18,2152,337,184,11,15,71,628,23410,0,172,24,483,14,1831,28,57,59,185,3983,11,,No
168,2022,4431432,Kenny Tracy,RB,Miami (OH),MAC,0.057,0.0526,0.061,0.0568,0.058,0.056,0.048,0.062,,,37.0,,,,,,,36.0,,,,0.0,,0.0,12.0,0.0,1.0,,1.0,0.0,1.0,,,229.0,,4.1,,6.3,,,,,,,,,,,,193,East,3.6,13,6,7,0,8,4,4,0,5,3,2,0,6,3,3,0,223,11,22,6,13,13,1,173,5,0,299,18,2152,337,184,11,15,71,628,23410,0,172,24,483,14,1831,28,57,59,185,3983,11,,No
169,2022,4576183,Kevin Davis,RB,Miami (OH),MAC,0.0901,0.0688,0.1085,0.0917,0.105,0.065,0.081,0.097,,2.5999999999999996,54.0,,,,1.0,,,79.0,1.0,9.0,,,,,19.0,,,,2.0,,,,,533.0,,5.3,,7.5,,,,,,,,,,,,193,East,3.6,13,6,7,0,8,4,4,0,5,3,2,0,6,3,3,0,223,11,22,6,13,13,1,173,5,0,299,18,2152,337,184,11,15,71,628,23410,0,172,24,483,14,1831,28,57,59,185,3983,11,,No
170,2022,4432434,Keyon Mozee,RB,Miami (OH),MAC,0.1287,0.0081,0.2305,0.1572,0.128,0.089,0.185,0.056,,,109.0,,,,,,,70.0,,,,0.0,,0.0,2.0,0.0,0.0,,2.0,0.0,1.0,,,477.0,,4.3,,3.0,,,,,,,,,,,,193,East,3.6,13,6,7,0,8,4,4,0,5,3,2,0,6,3,3,0,223,11,22,6,13,13,1,173,5,0,299,18,2152,337,184,11,15,71,628,23410,0,172,24,483,14,1831,28,57,59,185,3983,11,,No
171,2022,4426741,Luke Bolden,TE,Miami (OH),MAC,0.0018,0.004,0.0,0.0044,0.0,0.0,0.0,0.0,,13.0,,,,,,,,30.0,,1.0,,,,,1.0,,,,1.0,,,,,30.0,,,,17.0,,,,,,,,,,,,193,East,3.6,13,6,7,0,8,4,4,0,5,3,2,0,6,3,3,0,223,11,22,6,13,13,1,173,5,0,299,18,2152,337,184,11,15,71,628,23410,0,172,24,483,14,1831,28,57,59,185,3983,11,,No
172,2022,4259597,Mac Hippenhammer,WR,Miami (OH),MAC,0.0938,0.2065,0.0,0.1092,0.076,0.089,0.04,0.108,,,,,,,,,,58.0,,,,,,,54.0,,,,9.0,,,,,769.0,,,,14.2,,,,,,,,,,,,193,East,3.6,13,6,7,0,8,4,4,0,5,3,2,0,6,3,3,0,223,11,22,6,13,13,1,173,5,0,299,18,2152,337,184,11,15,71,628,23410,0,172,24,483,14,1831,28,57,59,185,3983,11,,No
173,2022,4371970,Matt Bjorson,TE,Miami (OH),MAC,0.0018,0.004,0.0,0.0,0.0,0.008,0.0,0.005,,,,,,,,,,20.0,,,,,,,1.0,,,,0.0,,,,,20.0,,,,20.0,,,,,,,,,,,,193,East,3.6,13,6,7,0,8,4,4,0,5,3,2,0,6,3,3,0,223,11,22,6,13,13,1,173,5,0,299,18,2152,337,184,11,15,71,628,23410,0,172,24,483,14,1831,28,57,59,185,3983,11,,No
174,2022,4371968,Miles Marshall,WR,Miami (OH),MAC,0.0349,0.0769,0.0,0.0437,0.035,0.024,0.024,0.036,,,,,,,,,,76.0,,,,,,,24.0,,,,2.0,,,,,390.0,,,,16.3,,,,,,,,,,,,193,East,3.6,13,6,7,0,8,4,4,0,5,3,2,0,6,3,3,0,223,11,22,6,13,13,1,173,5,0,299,18,2152,337,184,11,15,71,628,23410,0,172,24,483,14,1831,28,57,59,185,3983,11,,No
175,2022,4432439,Nate Muersch,TE,Miami (OH),MAC,0.0202,0.0445,0.0,0.0087,0.035,0.024,0.016,0.036,,,,,,,,,,30.0,,,,,,,9.0,,,,1.0,,,,,93.0,,,,10.3,,,,,,,,,,,,193,East,3.6,13,6,7,0,8,4,4,0,5,3,2,0,6,3,3,0,223,11,22,6,13,13,1,173,5,0,299,18,2152,337,184,11,15,71,628,23410,0,172,24,483,14,1831,28,57,59,185,3983,11,,No
176,2022,4869132,Reginald Virgil,WR,Miami (OH),MAC,0.0037,0.0081,0.0,0.0,0.0,0.016,0.008,0.005,,,,,,,,,,28.0,,,,0.0,,0.0,1.0,0.0,4.0,,0.0,0.0,8.0,,,28.0,,,,28.0,,,,,,,,,,,,193,East,3.6,13,6,7,0,8,4,4,0,5,3,2,0,6,3,3,0,223,11,22,6,13,13,1,173,5,0,299,18,2152,337,184,11,15,71,628,23410,0,172,24,483,14,1831,28,57,59,185,3983,11,,No
177,2022,4880213,Scotty Nieman,TE,Miami (OH),MAC,0.0018,0.004,0.0,0.0,0.0,0.008,0.0,0.005,,,,,,,,,,9.0,,,,,,,1.0,,,,0.0,,,,,9.0,,,,9.0,,,,,,,,,,,,193,East,3.6,13,6,7,0,8,4,4,0,5,3,2,0,6,3,3,0,223,11,22,6,13,13,1,173,5,0,299,18,2152,337,184,11,15,71,628,23410,0,172,24,483,14,1831,28,57,59,185,3983,11,,No
178,2022,4363153,Tyre Shelton,RB,Miami (OH),MAC,0.1158,0.0283,0.1898,0.1485,0.134,0.048,0.105,0.082,,,85.0,,,,,,,34.0,,,,,,,8.0,,,,3.0,,,,,360.0,,3.8,,4.9,,,,,,,,,,,,193,East,3.6,13,6,7,0,8,4,4,0,5,3,2,0,6,3,3,0,223,11,22,6,13,13,1,173,5,0,299,18,2152,337,184,11,15,71,628,23410,0,172,24,483,14,1831,28,57,59,185,3983,11,,No
179,2022,4916888,Bert Emanuel Jr.,QB,Central Michigan,MAC,0.0663,0.0207,0.1176,0.0906,0.07,0.025,0.073,0.038,8.0,,67.0,4.0,,,2.0,0.0,,87.0,2.0,,0.5,,,,0.0,,,,7.0,,,,,550.0,6.8,7.4,,,,,,,,,,,,,,2117,West,4.4,12,4,8,0,8,3,5,0,6,2,4,0,6,2,4,0,239,18,33,18,8,12,0,29,10,0,701,35,2497,389,219,4,16,83,753,20720,0,111,22,444,22,1910,30,99,60,170,4407,28,,No
180,2022,5086234,Bryant Kieft,TE,Central Michigan,MAC,0.0027,0.0052,0.0,0.0,0.0,0.006,0.006,0.004,,,,,,,,,,20.0,,,,,,,2.0,,,,0.0,,,,,30.0,,,,15.0,,,,,,,,,,,,2117,West,4.4,12,4,8,0,8,3,5,0,6,2,4,0,6,2,4,0,239,18,33,18,8,12,0,29,10,0,701,35,2497,389,219,4,16,83,753,20720,0,111,22,444,22,1910,30,99,60,170,4407,28,,No
181,2022,4880181,Cade Conley,TE,Central Michigan,MAC,0.0146,0.0284,0.0,0.0156,0.012,0.019,0.017,0.011,,,,,,,,,,39.0,,,,0.0,,0.0,11.0,0.0,1.0,,0.0,0.0,1.0,,,168.0,,,,15.3,,,,,,,,,,,,2117,West,4.4,12,4,8,0,8,3,5,0,6,2,4,0,6,2,4,0,239,18,33,18,8,12,0,29,10,0,701,35,2497,389,219,4,16,83,753,20720,0,111,22,444,22,1910,30,99,60,170,4407,28,2.0,Yes
182,2022,4241931,Carlos Carriere,WR,Central Michigan,MAC,0.0849,0.1628,0.0028,0.0563,0.079,0.138,0.079,0.121,,,,,,,2.0,,,39.0,2.0,,,0.0,,0.0,45.0,0.0,1.0,,2.0,0.0,1.0,,,520.0,,,,11.6,,,,,,,,,,,,2117,West,4.4,12,4,8,0,8,3,5,0,6,2,4,0,6,2,4,0,239,18,33,18,8,12,0,29,10,0,701,35,2497,389,219,4,16,83,753,20720,0,111,22,444,22,1910,30,99,60,170,4407,28,,No
183,2022,4683221,Chris Parker,WR,Central Michigan,MAC,0.0066,0.0129,0.0,0.0063,0.008,0.006,0.011,0.004,,,,,,,,,,15.0,,,,0.0,,0.0,4.0,0.0,1.0,,0.0,0.0,1.0,,,33.0,,,,8.3,,,,,,,,,,,,2117,West,4.4,12,4,8,0,8,3,5,0,6,2,4,0,6,2,4,0,239,18,33,18,8,12,0,29,10,0,701,35,2497,389,219,4,16,83,753,20720,0,111,22,444,22,1910,30,99,60,170,4407,28,,No
184,2022,4701300,Christian Brown,RB,Central Michigan,MAC,0.004,0.0052,0.0028,0.0031,0.0,0.013,0.006,0.004,,16.0,6.0,,,,,,,35.0,,2.0,,,,,2.0,,,,0.0,,,,,65.0,,4.7,,10.5,,,,,,,,,,,,2117,West,4.4,12,4,8,0,8,3,5,0,6,2,4,0,6,2,4,0,239,18,33,18,8,12,0,29,10,0,701,35,2497,389,219,4,16,83,753,20720,0,111,22,444,22,1910,30,99,60,170,4407,28,,No
185,2022,4869821,D.C. Temple,TE,Central Michigan,MAC,0.0027,0.0052,0.0,0.0031,0.004,0.0,0.006,0.0,,,,,,,,,,44.0,,,,,,,1.0,,,,0.0,,,,,44.0,,,,44.0,,,,,,,,,,,,2117,West,4.4,12,4,8,0,8,3,5,0,6,2,4,0,6,2,4,0,239,18,33,18,8,12,0,29,10,0,701,35,2497,389,219,4,16,83,753,20720,0,111,22,444,22,1910,30,99,60,170,4407,28,,No
186,2022,4693844,Dallas Dixon,WR,Central Michigan,MAC,0.0146,0.0284,0.0,0.0125,0.021,0.006,0.017,0.015,,,,,,,,,,43.0,,,,,,,6.0,,,,0.0,,,,,96.0,,,,16.0,,,,,,,,,,,,2117,West,4.4,12,4,8,0,8,3,5,0,6,2,4,0,6,2,4,0,239,18,33,18,8,12,0,29,10,0,701,35,2497,389,219,4,16,83,753,20720,0,111,22,444,22,1910,30,99,60,170,4407,28,,No
187,2022,4570259,Daniel Richardson,QB,Central Michigan,MAC,0.4297,0.8036,0.0364,0.3406,0.426,0.594,0.345,0.583,320.0,,33.0,179.0,,,4.0,5.0,,16.0,3.0,,0.559,,,,0.0,,,,15.0,,,,,1933.0,6.2,-1.7,,,,,,,,,,,,,,2117,West,4.4,12,4,8,0,8,3,5,0,6,2,4,0,6,2,4,0,239,18,33,18,8,12,0,29,10,0,701,35,2497,389,219,4,16,83,753,20720,0,111,22,444,22,1910,30,99,60,170,4407,28,3.0,Yes
188,2022,4880185,Finn Hogan,WR,Central Michigan,MAC,0.0358,0.0698,0.0,0.0219,0.045,0.044,0.062,0.034,,,,,,,,,,28.0,,,,0.0,,0.0,19.0,0.0,1.0,,1.0,0.0,1.0,,,155.0,,,,8.2,,,,,,,,,,,,2117,West,4.4,12,4,8,0,8,3,5,0,6,2,4,0,6,2,4,0,239,18,33,18,8,12,0,29,10,0,701,35,2497,389,219,4,16,83,753,20720,0,111,22,444,22,1910,30,99,60,170,4407,28,2.0,Yes
189,2022,4682517,Irone Jackson,WR,Central Michigan,MAC,0.008,0.0155,0.0,0.0094,0.0,0.019,0.0,0.011,,16.9,,,,,1.0,,,41.0,1.0,13.0,,0.0,,0.0,3.0,0.0,2.0,,0.0,0.0,4.0,,,239.0,,,,6.3,,,,,,,,,,,,2117,West,4.4,12,4,8,0,8,3,5,0,6,2,4,0,6,2,4,0,239,18,33,18,8,12,0,29,10,0,701,35,2497,389,219,4,16,83,753,20720,0,111,22,444,22,1910,30,99,60,170,4407,28,,No
190,2022,4875674,Jake Tafelski,RB,Central Michigan,MAC,0.0106,0.0155,0.0056,0.0125,0.012,0.006,0.011,0.008,,,3.0,,,,,,,19.0,,,,0.0,,0.0,4.0,0.0,1.0,,1.0,0.0,2.0,,,41.0,,1.3,,9.3,,,,,,,,,,,,2117,West,4.4,12,4,8,0,8,3,5,0,6,2,4,0,6,2,4,0,239,18,33,18,8,12,0,29,10,0,701,35,2497,389,219,4,16,83,753,20720,0,111,22,444,22,1910,30,99,60,170,4407,28,,No
191,2022,4427951,Jalen McGaughy,WR,Central Michigan,MAC,0.0477,0.0904,0.0028,0.05,0.041,0.05,0.04,0.049,,,2.0,,,,,,,63.0,,,,,,,20.0,,,,2.0,,,,,327.0,,7.0,,15.7,,,,,,,,,,,,2117,West,4.4,12,4,8,0,8,3,5,0,6,2,4,0,6,2,4,0,239,18,33,18,8,12,0,29,10,0,701,35,2497,389,219,4,16,83,753,20720,0,111,22,444,22,1910,30,99,60,170,4407,28,,No
192,2022,4709012,Jase Bauer,QB,Central Michigan,MAC,0.134,0.1473,0.1232,0.1375,0.136,0.113,0.147,0.117,59.0,,53.0,35.0,,,2.0,5.0,,60.0,1.0,,0.593,,,,0.0,,,,5.0,,,,,747.0,7.4,5.9,,,,,,,,,,,,,,2117,West,4.4,12,4,8,0,8,3,5,0,6,2,4,0,6,2,4,0,239,18,33,18,8,12,0,29,10,0,701,35,2497,389,219,4,16,83,753,20720,0,111,22,444,22,1910,30,99,60,170,4407,28,,No
193,2022,4362570,Joel Wilson,TE,Central Michigan,MAC,0.069,0.1292,0.0056,0.0563,0.079,0.075,0.045,0.098,,,3.0,,,,1.0,,,25.0,1.0,,,0.0,,0.0,44.0,0.0,0.0,,6.0,0.0,1.0,,,446.0,,0.3,,10.1,,,,,,,,,,,,2117,West,4.4,12,4,8,0,8,3,5,0,6,2,4,0,6,2,4,0,239,18,33,18,8,12,0,29,10,0,701,35,2497,389,219,4,16,83,753,20720,0,111,22,444,22,1910,30,99,60,170,4407,28,,No
194,2022,4368531,Kenny Brewer III,WR,Central Michigan,MAC,0.004,0.0078,0.0,0.0,0.0,0.013,0.0,0.011,,,,,,,,,,10.0,,,,,,,3.0,,,,0.0,,,,,25.0,,,,8.3,,,,,,,,,,,,2117,West,4.4,12,4,8,0,8,3,5,0,6,2,4,0,6,2,4,0,239,18,33,18,8,12,0,29,10,0,701,35,2497,389,219,4,16,83,753,20720,0,111,22,444,22,1910,30,99,60,170,4407,28,,No
195,2022,4869694,Langston Lewis,WR,Central Michigan,MAC,0.0066,0.0129,0.0,0.0031,0.012,0.006,0.0,0.015,,,,,,,,,,45.0,,,,,,,2.0,,,,1.0,,,,,52.0,,,,26.0,,,,,,,,,,,,2117,West,4.4,12,4,8,0,8,3,5,0,6,2,4,0,6,2,4,0,239,18,33,18,8,12,0,29,10,0,701,35,2497,389,219,4,16,83,753,20720,0,111,22,444,22,1910,30,99,60,170,4407,28,,No
196,2022,4428119,Lew Nichols,RB,Central Michigan,MAC,0.252,0.0724,0.4538,0.3031,0.256,0.163,0.277,0.182,,,177.0,,,,2.0,,,52.0,2.0,,,,,,21.0,,,,6.0,,,,,729.0,,3.4,,6.1,,,,,,,,,,,,2117,West,4.4,12,4,8,0,8,3,5,0,6,2,4,0,6,2,4,0,239,18,33,18,8,12,0,29,10,0,701,35,2497,389,219,4,16,83,753,20720,0,111,22,444,22,1910,30,99,60,170,4407,28,,No
197,2022,4875680,Marcus Young,TE,Central Michigan,MAC,0.004,0.0078,0.0,0.0063,0.004,0.0,0.0,0.004,,,,,,,,,,10.0,,,,,,,3.0,,,,0.0,,,,,16.0,,,,5.3,,,,,,,,,,,,2117,West,4.4,12,4,8,0,8,3,5,0,6,2,4,0,6,2,4,0,239,18,33,18,8,12,0,29,10,0,701,35,2497,389,219,4,16,83,753,20720,0,111,22,444,22,1910,30,99,60,170,4407,28,,No
198,2022,4875667,Marion Lukes,RB,Central Michigan,MAC,0.0345,0.0052,0.0672,0.0344,0.037,0.038,0.045,0.027,,16.5,51.0,,,,1.0,,,94.0,0.0,2.0,,,,,5.0,,,,4.0,,,,,437.0,,6.3,,16.2,,,,,,,,,,,,2117,West,4.4,12,4,8,0,8,3,5,0,6,2,4,0,6,2,4,0,239,18,33,18,8,12,0,29,10,0,701,35,2497,389,219,4,16,83,753,20720,0,111,22,444,22,1910,30,99,60,170,4407,28,,No
199,2022,4875671,Myles Bailey,RB,Central Michigan,MAC,0.0531,0.0258,0.084,0.0531,0.062,0.038,0.04,0.061,,21.0,32.0,,,,1.0,,,75.0,1.0,1.0,,,,,9.0,,,,1.0,,,,,280.0,,5.5,,9.2,,,,,,,,,,,,2117,West,4.4,12,4,8,0,8,3,5,0,6,2,4,0,6,2,4,0,239,18,33,18,8,12,0,29,10,0,701,35,2497,389,219,4,16,83,753,20720,0,111,22,444,22,1910,30,99,60,170,4407,28,,No
200,2022,5086220,Noah Koenigsknecht,WR,Central Michigan,MAC,0.0146,0.0284,0.0,0.0063,0.008,0.038,0.011,0.027,,5.0,,,,,,,,52.0,,1.0,,,,,10.0,,,,1.0,,,,,172.0,,,,16.7,,,,,,,,,,,,2117,West,4.4,12,4,8,0,8,3,5,0,6,2,4,0,6,2,4,0,239,18,33,18,8,12,0,29,10,0,701,35,2497,389,219,4,16,83,753,20720,0,111,22,444,22,1910,30,99,60,170,4407,28,,No
201,2022,5086218,Sam Hicks,RB,Central Michigan,MAC,0.004,0.0078,0.0,0.0063,0.0,0.006,0.0,0.004,,24.6,1.0,,,,,,,62.0,,8.0,,,,,1.0,,,,0.0,,,,,209.0,,4.0,,8.0,,,,,,,,,,,,2117,West,4.4,12,4,8,0,8,3,5,0,6,2,4,0,6,2,4,0,239,18,33,18,8,12,0,29,10,0,701,35,2497,389,219,4,16,83,753,20720,0,111,22,444,22,1910,30,99,60,170,4407,28,,No
202,2022,4683461,Tyson Davis,WR,Central Michigan,MAC,0.0013,0.0026,0.0,0.0,0.0,0.006,0.0,0.004,,,,,,,,,,36.0,,,,0.0,,0.0,3.0,0.0,1.0,,1.0,0.0,1.0,,,54.0,,,,18.0,,,,,,,,,,,,2117,West,4.4,12,4,8,0,8,3,5,0,6,2,4,0,6,2,4,0,239,18,33,18,8,12,0,29,10,0,701,35,2497,389,219,4,16,83,753,20720,0,111,22,444,22,1910,30,99,60,170,4407,28,,No
203,2022,4426764,Bryan Bradford,RB,Kent State,MAC,0.0729,0.0127,0.1152,0.0734,0.092,0.045,0.084,0.065,,17.7,64.0,,,,,,,108.0,,7.0,,0.0,,0.0,5.0,0.0,0.0,,3.0,0.0,1.0,,,468.0,,4.7,,8.4,,,,,,,,,,,,2309,East,4.1,12,5,7,0,8,4,4,0,5,3,2,0,7,2,5,0,274,12,24,5,9,12,1,71,8,0,847,38,2582,349,194,7,17,80,652,18812,1,113,17,517,23,2433,26,70,72,175,5015,13,2.0,Yes
204,2022,4428439,Collin Schlee,QB,Kent State,MAC,0.367,0.6899,0.15,0.3277,0.378,0.455,0.337,0.44,266.0,,98.0,157.0,,,5.0,5.0,0.0,85.0,2.0,3.0,0.59,,,,1.0,,,0.0,17.0,,,,,2707.0,7.9,5.0,40.7,-16.0,,,,,,,,,,,,2309,East,4.1,12,5,7,0,8,4,4,0,5,3,2,0,7,2,5,0,274,12,24,5,9,12,1,71,8,0,847,38,2582,349,194,7,17,80,652,18812,1,113,17,517,23,2433,26,70,72,175,5015,13,4.0,Yes
205,2022,4697845,Daniel Bangura,RB,Kent State,MAC,0.0064,0.0,0.0109,0.0056,0.004,0.013,0.011,0.004,,,5.0,,,,,,,6.0,,,,,,,,,,,0.0,,,,,13.0,,2.6,,,,,,,,,,,,,,2309,East,4.1,12,5,7,0,8,4,4,0,5,3,2,0,7,2,5,0,274,12,24,5,9,12,1,71,8,0,847,38,2582,349,194,7,17,80,652,18812,1,113,17,517,23,2433,26,70,72,175,5015,13,,No
206,2022,4426892,Dante Cephas,WR,Kent State,MAC,0.0639,0.1551,0.0022,0.0565,0.068,0.071,0.053,0.081,,,2.0,,,,1.0,,,62.0,0.0,,,,,,48.0,,,,3.0,,,,,756.0,,6.0,,15.5,,,,,,,,,,,,2309,East,4.1,12,5,7,0,8,4,4,0,5,3,2,0,7,2,5,0,274,12,24,5,9,12,1,71,8,0,847,38,2582,349,194,7,17,80,652,18812,1,113,17,517,23,2433,26,70,72,175,5015,13,4.0,Yes
207,2022,4685693,Devin Kargman,QB,Kent State,MAC,0.0691,0.1582,0.0087,0.0537,0.068,0.11,0.026,0.121,70.0,,7.0,29.0,,,1.0,3.0,,3.0,0.0,,0.414,,,,0.0,,,,3.0,,,,,321.0,5.0,-3.9,,,,,,,,,,,,,,2309,East,4.1,12,5,7,0,8,4,4,0,5,3,2,0,7,2,5,0,274,12,24,5,9,12,1,71,8,0,847,38,2582,349,194,7,17,80,652,18812,1,113,17,517,23,2433,26,70,72,175,5015,13,,No
208,2022,4696882,Devontez Walker,WR,Kent State,MAC,0.0844,0.2025,0.0043,0.0932,0.076,0.084,0.042,0.101,,,3.0,,,,,,,74.0,,,,,,,58.0,,,,12.0,,,,,950.0,,9.7,,15.9,,,,,,,,,,,,2309,East,4.1,12,5,7,0,8,4,4,0,5,3,2,0,7,2,5,0,274,12,24,5,9,12,1,71,8,0,847,38,2582,349,194,7,17,80,652,18812,1,113,17,517,23,2433,26,70,72,175,5015,13,4.0,Yes
209,2022,4832849,Gavin Garcia,RB,Kent State,MAC,0.0473,0.0095,0.0739,0.0565,0.056,0.013,0.063,0.02,,21.5,35.0,,,,1.0,,,111.0,0.0,5.0,,0.0,,0.0,2.0,0.0,2.0,,1.0,0.0,2.0,,,312.0,,6.0,,24.0,,,,,,,,,,,,2309,East,4.1,12,5,7,0,8,4,4,0,5,3,2,0,7,2,5,0,274,12,24,5,9,12,1,71,8,0,847,38,2582,349,194,7,17,80,652,18812,1,113,17,517,23,2433,26,70,72,175,5015,13,,No
210,2022,4430323,Ja'Shaun Poke,WR,Kent State,MAC,0.0537,0.1329,0.0,0.0565,0.06,0.045,0.032,0.065,,46.4,2.0,,,,,,,121.0,,16.0,,0.0,,0.0,31.0,0.0,3.0,,2.0,0.0,5.0,,,799.0,,3.5,,11.7,,,,,,,,,,,,2309,East,4.1,12,5,7,0,8,4,4,0,5,3,2,0,7,2,5,0,274,12,24,5,9,12,1,71,8,0,847,38,2582,349,194,7,17,80,652,18812,1,113,17,517,23,2433,26,70,72,175,5015,13,3.0,Yes
211,2022,4249826,Keenan Orr,TE,Kent State,MAC,0.0013,0.0032,0.0,0.0,0.0,0.006,0.005,0.0,,,,,,,,,,3.0,,,,,,,1.0,,,,0.0,,,,,3.0,,,,3.0,,,,,,,,,,,,2309,East,4.1,12,5,7,0,8,4,4,0,5,3,2,0,7,2,5,0,274,12,24,5,9,12,1,71,8,0,847,38,2582,349,194,7,17,80,652,18812,1,113,17,517,23,2433,26,70,72,175,5015,13,,No
212,2022,4243475,Kris Leach,TE,Kent State,MAC,0.0128,0.0316,0.0,0.0056,0.012,0.032,0.021,0.016,,,,,,,,,,23.0,,,,,,,8.0,,,,0.0,,,,,94.0,,,,11.8,,,,,,,,,,,,2309,East,4.1,12,5,7,0,8,4,4,0,5,3,2,0,7,2,5,0,274,12,24,5,9,12,1,71,8,0,847,38,2582,349,194,7,17,80,652,18812,1,113,17,517,23,2433,26,70,72,175,5015,13,,No
213,2022,4566157,Luke Floriea,WR,Kent State,MAC,0.0115,0.0253,0.0022,0.0085,0.008,0.026,0.021,0.008,,6.5,1.0,,,,1.0,,,52.0,1.0,4.0,,,,,4.0,,,,0.0,,,,,73.0,,-4.0,,12.8,,,,,,,,,,,,2309,East,4.1,12,5,7,0,8,4,4,0,5,3,2,0,7,2,5,0,274,12,24,5,9,12,1,71,8,0,847,38,2582,349,194,7,17,80,652,18812,1,113,17,517,23,2433,26,70,72,175,5015,13,,No
214,2022,4683250,Marcus Harris,WR,Kent State,MAC,0.0038,0.0095,0.0,0.0056,0.0,0.0,0.0,0.004,,,,,,,,,,13.0,,,,,,,2.0,,,,0.0,,,,,16.0,,,,8.0,,,,,,,,,,,,2309,East,4.1,12,5,7,0,8,4,4,0,5,3,2,0,7,2,5,0,274,12,24,5,9,12,1,71,8,0,847,38,2582,349,194,7,17,80,652,18812,1,113,17,517,23,2433,26,70,72,175,5015,13,3.0,Yes
215,2022,4430468,Marquez Cooper,RB,Kent State,MAC,0.312,0.0222,0.5152,0.3672,0.287,0.227,0.353,0.214,1.0,21.8,285.0,1.0,,,1.0,0.0,,112.0,1.0,9.0,1.0,,,,8.0,,,,13.0,,,,,1630.0,9.0,4.7,,11.8,,,,,,,,,,,,2309,East,4.1,12,5,7,0,8,4,4,0,5,3,2,0,7,2,5,0,274,12,24,5,9,12,1,71,8,0,847,38,2582,349,194,7,17,80,652,18812,1,113,17,517,23,2433,26,70,72,175,5015,13,3.0,Yes
216,2022,4244066,Raymond James,WR,Kent State,MAC,0.0217,0.0538,0.0,0.0198,0.028,0.019,0.016,0.028,,3.1,2.0,,,,1.0,,,31.0,1.0,10.0,,0.0,,0.0,13.0,0.0,1.0,,0.0,0.0,1.0,,,130.0,,1.0,,7.5,,,,,,,,,,,,2309,East,4.1,12,5,7,0,8,4,4,0,5,3,2,0,7,2,5,0,274,12,24,5,9,12,1,71,8,0,847,38,2582,349,194,7,17,80,652,18812,1,113,17,517,23,2433,26,70,72,175,5015,13,,No
217,2022,4683164,Shakhi Carson,RB,Kent State,MAC,0.0077,0.0,0.013,0.0085,0.008,0.006,0.011,0.004,,,6.0,,,,,,,19.0,,,,,,,,,,,1.0,,,,,61.0,,10.2,,,,,,,,,,,,,,2309,East,4.1,12,5,7,0,8,4,4,0,5,3,2,0,7,2,5,0,274,12,24,5,9,12,1,71,8,0,847,38,2582,349,194,7,17,80,652,18812,1,113,17,517,23,2433,26,70,72,175,5015,13,3.0,Yes
218,2022,4912130,Trell Harris,WR,Kent State,MAC,0.0217,0.0538,0.0,0.0169,0.02,0.039,0.016,0.032,,,,,,,,,,24.0,,,,0.0,,0.0,13.0,0.0,0.0,,1.0,0.0,1.0,,,136.0,,,,10.5,,,,,,,,,,,,2309,East,4.1,12,5,7,0,8,4,4,0,5,3,2,0,7,2,5,0,274,12,24,5,9,12,1,71,8,0,847,38,2582,349,194,7,17,80,652,18812,1,113,17,517,23,2433,26,70,72,175,5015,13,,No
